source_relative_path,v7_target_relative_path,bucket,brand,status
Documentacao Tecnica/Kone/KONE LIBERTY TAC 5 drawings.pdf,Esquemas Eletricos/Kone/KONE Liberty TAC 5 Drawings.pdf,high_confidence,Kone,moved
Documentacao Tecnica/Kone/KONE TMS 200 green hyd drawings.pdf,Esquemas Eletricos/Kone/TMS 200 Green Hydraulic Drawings.pdf,high_confidence,Kone,moved
Documentacao Tecnica/Kone/KONE TMS 50 Beringer drawings.pdf,Esquemas Eletricos/Kone/TMS 50 Beringer Drawings.pdf,high_confidence,Kone,moved
Documentacao Tecnica/Kone/KONE TMS200 green TAC 5 drawings.pdf,Esquemas Eletricos/Kone/TMS 200 Green TAC 5 Drawings.pdf,high_confidence,Kone,moved
Documentacao Tecnica/Kone/KONE TMS516 drawings Bridge house.pdf,Esquemas Eletricos/Kone/TMS 516 Bridge House Drawings.pdf,high_confidence,Kone,moved
Documentacao Tecnica/Kone/Kone - A2 cct drgs.pdf,Esquemas Eletricos/Kone/A2 Circuit Diagrams.pdf,high_confidence,Kone,moved
Documentacao Tecnica/Kone/Kone - DSCF0007.jpg,Ficheiros de Engenharia/Kone/KONE KoneXion car interface diagram.jpg,review,Kone,moved
Documentacao Tecnica/Kone/Kone - DSCF0009.jpg,Esquemas Eletricos/Kone/KONE KoneXion car interface wiring.jpg,high_confidence,Kone,moved
Documentacao Tecnica/Kone/Kone - DSCF0025.jpg,Esquemas Eletricos/Kone/KONE 4 - Wire Interface Diagram.jpg,high_confidence,Kone,moved
Documentacao Tecnica/Kone/Kone - DSCF0026.jpg,Esquemas Eletricos/Kone/KONE 4 - Wire Interface Diagram__dup1.jpg,high_confidence,Kone,moved
Documentacao Tecnica/Kone/Kone - DSCF0036.jpg,Ficheiros de Engenharia/Kone/KoneXion Car Interface Wiring Detail.jpg,review,Kone,moved
Documentacao Tecnica/Kone/Kone - Electrical Drawing minispace Ensign House St Georges Wharf.pdf,Esquemas Eletricos/Kone/Electrical Drawing for Minispace.pdf,high_confidence,Kone,moved
Documentacao Tecnica/Kone/Kone - JLP Dartford 605104 Schematics.pdf,Esquemas Eletricos/Kone/JLP Dartford Schematics.pdf,high_confidence,Kone,moved
Documentacao Tecnica/Kone/Kone - KDL Harness.xlsx,Ficheiros de Engenharia/Kone/KDL Harness.xlsx,review,Kone,moved
Documentacao Tecnica/Kone/Kone - LP1000 setting up.pdf,Esquemas Eletricos/Kone/LP1000 Setting Instructions and Electrical Drawings.pdf,high_confidence,Kone,moved
Documentacao Tecnica/Kone/Kone - Stannah 260 Drawings.pdf,Esquemas Eletricos/Kone/Stannah 260 Drawings.pdf,high_confidence,Kone,moved
Documentacao Tecnica/Kone/Kone - TMS 50 Dwgs.pdf,Esquemas Eletricos/Kone/TMS 50 Drawings.pdf,high_confidence,Kone,moved
Documentacao Tecnica/Kone/Kone - cover dup100.jpg,Esquemas Eletricos/Kone/KONE Signal Input Connector Diagram.jpg,high_confidence,Kone,moved
Documentacao Tecnica/Kone/Kone - cover dup101.jpg,Esquemas Eletricos/Kone/KONE F2KMUL Connector Layout.jpg,high_confidence,Kone,moved
Documentacao Tecnica/Kone/Kone - cover dup109.jpg,Esquemas Eletricos/Kone/KONE MonoSpace 2 1 Power Supply and Safety Circuit Connections.jpg,high_confidence,Kone,moved
Documentacao Tecnica/Kone/Kone - cover dup116.jpg,Ficheiros de Engenharia/Kone/MonoSpace 2 5 Installation Instructions - Telephone Line Connection.jpg,review,Kone,moved
Documentacao Tecnica/Kone/Kone - cover dup16.jpg,Esquemas Eletricos/Kone/Kone - cover dup16.jpg,high_confidence,Kone,moved
Documentacao Tecnica/Kone/Kone - cover dup32.jpg,Esquemas Eletricos/Kone/Electrical Diagram for Star - Delta Control.jpg,high_confidence,Kone,moved
Documentacao Tecnica/Kone/Kone - cover dup87.jpg,Esquemas Eletricos/Kone/Machine Room and Shaft Wiring Diagrams.jpg,high_confidence,Kone,moved
Documentacao Tecnica/Kone/Kone - cover dup93.jpg,Esquemas Eletricos/Kone/MonoSpace Special Shaft Electrification Wiring Instructions.jpg,high_confidence,Kone,moved
Documentacao Tecnica/Kone/Kone - cover dup97.jpg,Esquemas Eletricos/Kone/KONE Minispace Power Supply Circuit Diagram.jpg,high_confidence,Kone,moved
Documentacao Tecnica/Kone/Kone - cover dup98.jpg,Esquemas Eletricos/Kone/KONE Machine Room Cable Diagram.jpg,high_confidence,Kone,moved
Documentacao Tecnica/Kone/Kone 516 Electrical Drawings.pdf,Esquemas Eletricos/Kone/516 Electrical Drawings.pdf,high_confidence,Kone,moved
Documentacao Tecnica/Kone/Kone Elecomp TMS100 Electrical Drawings.pdf,Esquemas Eletricos/Kone/TMS100 Electrical Drawings.pdf,high_confidence,Kone,moved
Documentacao Tecnica/Kone/Kone TMS50 Electrical Drawings.pdf,Esquemas Eletricos/Kone/TMS50 Electrical Drawings.pdf,high_confidence,Kone,moved
Documentacao Tecnica/Orona/0451153 - Orona Rescue system with Rescatamac board.tif,Esquemas Eletricos/Orona/Orona Rescue System with Rescatamac Board.tif,high_confidence,Orona,moved
Documentacao Tecnica/Orona/ORONA MICRORELES ESQ II - ORONA RELES.pdf,Esquemas Eletricos/Orona/Microrelays Wiring Diagram.pdf,high_confidence,Orona,moved
Documentacao Tecnica/Orona/ORONA RELES 1 2 V ESQ - ORONA RELES.pdf,Esquemas Eletricos/Orona/1 - 2V Relay Wiring Diagram.pdf,high_confidence,Orona,moved
Documentacao Tecnica/Orona/ORONA RELES 2V PA ESQ - ORONA RELES.jpg,Esquemas Eletricos/Orona/Orona Relay - Based Control Diagram.jpg,high_confidence,Orona,moved
Documentacao Tecnica/Orona/ORONA RELES 4004A 4005A ESQ - ORONA RELES.pdf,Esquemas Eletricos/Orona/4004A - 4005A Relay Wiring Diagram.pdf,high_confidence,Orona,moved
Documentacao Tecnica/Orona/ORONA RELES 4008 ESQ - ORONA RELES.pdf,Esquemas Eletricos/Orona/4008 Relay Wiring Diagram.pdf,high_confidence,Orona,moved
Documentacao Tecnica/Orona/ORONA UP 870 ESQ 01 - ORONA UP.pdf,Esquemas Eletricos/Orona/UP 870 ESQ 01 Wiring Diagram.pdf,high_confidence,Orona,moved
Documentacao Tecnica/Orona/ORONA UP 870 ESQ 02 - ORONA UP.pdf,Esquemas Eletricos/Orona/UP 870 ESQ 02 Wiring Diagram.pdf,high_confidence,Orona,moved
Documentacao Tecnica/Orona/ORONA UP 870 MULTIPLEX - ORONA UP.pdf,Esquemas Eletricos/Orona/UP 870 Multiplex Wiring Diagram.pdf,high_confidence,Orona,moved
Documentacao Tecnica/Orona/Orona - 0451100 - Power electr drawing 2 speeds lift.tif,Esquemas Eletricos/Orona/Orona 2 - Speed Lift Power Wiring Diagram.tif,high_confidence,Orona,moved
Documentacao Tecnica/Orona/Orona - 0451101 - Power electr drawing 2 speeds lift with Rescatamac.tif,Esquemas Eletricos/Orona/Orona 2 - Speed Lift Power Wiring Diagram with Rescatamac.tif,high_confidence,Orona,moved
Documentacao Tecnica/Orona/Orona - 0451102 - Power electr drawing V3F - OL - CL.tif,Esquemas Eletricos/Orona/Orona V3F - OL CL Power Wiring Diagram.tif,high_confidence,Orona,moved
Documentacao Tecnica/Orona/Orona - 0451103 - Power electr drawing V3F - OL - CL with Rescatamac.tif,Esquemas Eletricos/Orona/Orona V3F - OL CL Power Wiring Diagram with Rescatamac.tif,high_confidence,Orona,moved
Documentacao Tecnica/Orona/Orona - 0451104 - Power electr drawing M322 2 speeds.tif,Esquemas Eletricos/Orona/M322 Power Electrical Drawing 2 Speeds.tif,high_confidence,Orona,moved
Documentacao Tecnica/Orona/Orona - 0451105 - Power electr drawing M322 2 speeds with Rescatamac.tif,Esquemas Eletricos/Orona/M322 Power Electrical Drawing 2 Speeds with Rescatamac.tif,high_confidence,Orona,moved
Documentacao Tecnica/Orona/Orona - 0451108 - Safety chain M322 and mach top 2V.tif,Esquemas Eletricos/Orona/M322 Safety Chain Machine Top 2V.tif,high_confidence,Orona,moved
Documentacao Tecnica/Orona/Orona - 0451110 - Safety chain mach room below 2 speeds.tif,Esquemas Eletricos/Orona/Safety Chain Machine Room Below 2 Speeds.tif,high_confidence,Orona,moved
Documentacao Tecnica/Orona/Orona - 0451111 - Safety chain mach room below V3F - OL - CL.tif,Esquemas Eletricos/Orona/Safety Chain Machine Room Below V3F OL CL.tif,high_confidence,Orona,moved
Documentacao Tecnica/Orona/Orona - 0451112 - Safety chain into the cabin for electr lift.tif,Esquemas Eletricos/Orona/Safety Chain Into Cabin for Electric Lift.tif,high_confidence,Orona,moved
Documentacao Tecnica/Orona/Orona - 0451113 - Lighting syst and alarm for lifts with machine room.tif,Esquemas Eletricos/Orona/Lighting System and Alarm for Lifts with Machine Room.tif,high_confidence,Orona,moved
Documentacao Tecnica/Orona/Orona - 0451115 - Cabin position display in landing door for M322.tif,Esquemas Eletricos/Orona/Cabin Position Display in Landing Door M322.tif,high_confidence,Orona,moved
Documentacao Tecnica/Orona/Orona - 0451116 - Pow elec draw for M322 or mach top V3F - OL Omron MV.tif,Esquemas Eletricos/Orona/M322 Power Electrical Drawing V3F OL Omron MV.tif,high_confidence,Orona,moved
Documentacao Tecnica/Orona/Orona - 0451117 - Power elec drawing ControlTechniq Unidrive V3F - CL.tif,Esquemas Eletricos/Orona/Control Techniques Unidrive V3F Power Electrical Drawing.tif,high_confidence,Orona,moved
Documentacao Tecnica/Orona/Orona - 0451118 - Safety chain ControlTechniques Unidrive V3F - CL.tif,Esquemas Eletricos/Orona/Control Techniques Unidrive V3F Safety Chain.tif,high_confidence,Orona,moved
Documentacao Tecnica/Orona/Orona - 0451151 - Emergency pushbutton station connection.tif,Esquemas Eletricos/Orona/Emergency Pushbutton Station Connection.tif,high_confidence,Orona,moved
Documentacao Tecnica/Orona/Orona - 0451152 - Connection controllers group duplex triplex.tif,Esquemas Eletricos/Orona/Group Controller Connections for Duplex and Triplex.tif,high_confidence,Orona,moved
Documentacao Tecnica/Orona/Orona - 0451154 - Anticip door opening 2 speeds lifts.tif,Esquemas Eletricos/Orona/Anticipated Door Opening 2 - Speed Lifts.tif,high_confidence,Orona,moved
Documentacao Tecnica/Orona/Orona - 0451155 - Connection for three - phasic autotransform for M322.tif,Esquemas Eletricos/Orona/Three - Phase Autotransformer Connection for M322.tif,high_confidence,Orona,moved
Documentacao Tecnica/Orona/Orona - 0451156 - Antic op and fine relevelling for M322 V3F - OL - CL.tif,Esquemas Eletricos/Orona/M322 Anticipated Opening and Fine Relevelling V3F.tif,high_confidence,Orona,moved
Documentacao Tecnica/Orona/Orona - 0451406 - Inspection push button connection for assembly.tif,Ficheiros de Engenharia/Orona/Inspection Pushbutton Connection for Assembly.tif,review,Orona,moved
Documentacao Tecnica/Orona/Orona - 160015.pdf,Esquemas Eletricos/Orona/FLEXY MR KLEEMANN Controller.pdf,high_confidence,Orona,moved
Documentacao Tecnica/Orona/Orona - 6000211.pdf,Esquemas Eletricos/Orona/KTS Kleemann Controller Wiring.pdf,high_confidence,Orona,moved
Documentacao Tecnica/Orona/Orona - 7011607 - 01.jpg,Esquemas Eletricos/Orona/Orona - 7011607 - 01.jpg,high_confidence,Orona,moved
Documentacao Tecnica/Orona/Orona - 701631.pdf,Esquemas Eletricos/Orona/Atlas Hydraulic Lift Controller Wiring.pdf,high_confidence,Orona,moved
Documentacao Tecnica/Orona/Orona - 701631WIR.pdf,Esquemas Eletricos/Orona/Atlas Kleemann Prewired Installation.pdf,high_confidence,Orona,moved
Documentacao Tecnica/Orona/Orona - 701632WIR.pdf,Esquemas Eletricos/Orona/Atlas Kleemann Prewired Installation__dup1.pdf,high_confidence,Orona,moved
Documentacao Tecnica/Orona/Orona - 702877WIR.pdf,Esquemas Eletricos/Orona/LiSA Prewired Installation - Automatic Door Interface.pdf,high_confidence,Orona,moved
Documentacao Tecnica/Orona/Orona - 702878WIR.pdf,Esquemas Eletricos/Orona/LiSA Prewired Installation - Automatic Door Interface__dup1.pdf,high_confidence,Orona,moved
Documentacao Tecnica/Orona/Orona - Almega Direct to Floor Electrical Drawing.pdf,Esquemas Eletricos/Orona/Almega Direct - to - Floor Electrical Drawing.pdf,high_confidence,Orona,moved
Documentacao Tecnica/Orona/Orona - CL 7000 091207.pdf,Esquemas Eletricos/Orona/CL 7000 Component List.pdf,high_confidence,Orona,moved
Documentacao Tecnica/Orona/Orona - DIGITAL REFERENCE CARD.pdf,Ficheiros de Engenharia/Orona/Digital Reference Card.pdf,review,Orona,moved
Documentacao Tecnica/Orona/Orona - ELECTRA VITORIA - P30D001.pdf,Esquemas Eletricos/Orona/Electra Vitoria P30D001.pdf,high_confidence,Orona,moved
Documentacao Tecnica/Orona/Orona - ELECTRA VITORIA PVLEB1951 - ELECTRA VITORIA.pdf,Esquemas Eletricos/Orona/Electra Vitoria PVLEB1951 Wiring Diagram.pdf,high_confidence,Orona,moved
Documentacao Tecnica/Orona/Orona - EM2000 ESQ 23000047 HY - EM2000.pdf,Esquemas Eletricos/Orona/EM2000 ESQ 23000047 HY.pdf,high_confidence,Orona,moved
Documentacao Tecnica/Orona/Orona - Fermator.tif,Esquemas Eletricos/Orona/Fermator Door Operator Wiring Diagram.tif,high_confidence,Orona,moved
Documentacao Tecnica/Orona/Orona - ILE VVF Electrical Drawings.pdf,Esquemas Eletricos/Orona/Orona - ILE VVF Electrical Drawings.pdf,high_confidence,Orona,moved
Documentacao Tecnica/Orona/Orona - ILE0008MX 1.pdf,Ficheiros de Engenharia/Orona/Orona - ILE0008MX 1.pdf,review,Orona,moved
Documentacao Tecnica/Orona/Orona - IMEM ELEC 15.pdf,Esquemas Eletricos/Orona/IMEM ELEC 15.pdf,high_confidence,Orona,moved
Documentacao Tecnica/Orona/Orona - IMEM ELEC 2.pdf,Esquemas Eletricos/Orona/IMEM ELEC 2.pdf,high_confidence,Orona,moved
Documentacao Tecnica/Orona/Orona - IMEM ELEC 3.pdf,Esquemas Eletricos/Orona/IMEM ELEC 3.pdf,high_confidence,Orona,moved
Documentacao Tecnica/Orona/Orona - IMEM ELEC 4.pdf,Esquemas Eletricos/Orona/IMEM ELEC 4.pdf,high_confidence,Orona,moved
Documentacao Tecnica/Orona/Orona - IMEM ELEC 5.pdf,Esquemas Eletricos/Orona/IMEM ELEC 5.pdf,high_confidence,Orona,moved
Documentacao Tecnica/Orona/Orona - IMEM ELEC 6.pdf,Esquemas Eletricos/Orona/IMEM ELEC 6.pdf,high_confidence,Orona,moved
Documentacao Tecnica/Orona/Orona - IMEM ELEC 7.pdf,Esquemas Eletricos/Orona/IMEM ELEC 7.pdf,high_confidence,Orona,moved
Documentacao Tecnica/Orona/Orona - IMEM ELEC 8.pdf,Esquemas Eletricos/Orona/IMEM ELEC 8.pdf,high_confidence,Orona,moved
Documentacao Tecnica/Orona/Orona - IMEM ELEC 9.pdf,Esquemas Eletricos/Orona/IMEM ELEC 9.pdf,high_confidence,Orona,moved
Documentacao Tecnica/Orona/Orona - IMEM ESQ - IMEM.pdf,Esquemas Eletricos/Orona/IMEM ESQ - IMEM.pdf,high_confidence,Orona,moved
Documentacao Tecnica/Orona/Orona - IMEM MRL ESQ - IMEM.pdf,Esquemas Eletricos/Orona/IMEM MRL ESQ - IMEM.pdf,high_confidence,Orona,moved
Documentacao Tecnica/Orona/Orona - IMEM.pdf,Esquemas Eletricos/Orona/IMEM Installation Manual.pdf,high_confidence,Orona,moved
Documentacao Tecnica/Orona/Orona - Kollmorgan Dwgs.pdf,Esquemas Eletricos/Orona/Kollmorgan Drawings.pdf,high_confidence,Orona,moved
Documentacao Tecnica/Orona/Orona - Lester Control Mitsubishi PLC.pdf,Esquemas Eletricos/Orona/Lester Control Mitsubishi PLC.pdf,high_confidence,Orona,moved
Documentacao Tecnica/Orona/Orona - MPK40 - drawings 38098.pdf,Esquemas Eletricos/Orona/MPK 40 BST Terminal Arrangement.pdf,high_confidence,Orona,moved
Documentacao Tecnica/Orona/Orona - Main 1.tif,Esquemas Eletricos/Orona/Lift Control Schematic.tif,high_confidence,Orona,moved
Documentacao Tecnica/Orona/Orona - Main 2.tif,Esquemas Eletricos/Orona/Lift Control Schematic__dup1.tif,high_confidence,Orona,moved
Documentacao Tecnica/Orona/Orona - POWER UNIT EN.pdf,Esquemas Eletricos/Orona/Power Unit Wiring Diagram.pdf,high_confidence,Orona,moved
Documentacao Tecnica/Orona/Orona - Pintoc.pdf,Esquemas Eletricos/Orona/Pintoc Wiring Diagram.pdf,high_confidence,Orona,moved
Documentacao Tecnica/Orona/Orona - Relay Panel All.pdf,Esquemas Eletricos/Orona/Relay Panel Documentation.pdf,high_confidence,Orona,moved
Documentacao Tecnica/Orona/Orona - Relay Panel.pdf,Esquemas Eletricos/Orona/Relay Panel Documentation__dup1.pdf,high_confidence,Orona,moved
Documentacao Tecnica/Orona/Orona - SIDEO 13.pdf,Esquemas Eletricos/Orona/SIDEO 13 Drawings.pdf,high_confidence,Orona,moved
Documentacao Tecnica/Orona/Orona - SIDEO 23.pdf,Esquemas Eletricos/Orona/SIDEO 23 Drawings.pdf,high_confidence,Orona,moved
Documentacao Tecnica/Orona/Orona - SIEI E - TYPE.pdf,Esquemas Eletricos/Orona/E - Type Lift Controller Drawings.pdf,high_confidence,Orona,moved
Documentacao Tecnica/Orona/Orona - SMR0196 41969 1 16272.pdf,Esquemas Eletricos/Orona/Controller Wiring Schedule.pdf,high_confidence,Orona,moved
Documentacao Tecnica/Orona/Orona - Scematic Drawing.pdf,Esquemas Eletricos/Orona/Schematic Drawing.pdf,high_confidence,Orona,moved
Documentacao Tecnica/Orona/Orona - V0 04 GB H32 FL02 08 12 08.pdf,Esquemas Eletricos/Orona/Orona - V0 04 GB H32 FL02 08 12 08.pdf,high_confidence,Orona,moved
Documentacao Tecnica/Orona/Orona - V0 05 GB MISTRAL FL02 NO LABEL 08 12 08.pdf,Esquemas Eletricos/Orona/Orona - V0 05 GB MISTRAL FL02 NO LABEL 08 12 08.pdf,high_confidence,Orona,moved
Documentacao Tecnica/Orona/Orona - V0 05 GB maisonlift H32 FL02 08 12 08.pdf,Esquemas Eletricos/Orona/Orona - V0 05 GB maisonlift H32 FL02 08 12 08.pdf,high_confidence,Orona,moved
Documentacao Tecnica/Orona/Orona - V0 06 GB ATLAS FL02 08 12 08.pdf,Esquemas Eletricos/Orona/7000 Series Wiring Diagram.pdf,high_confidence,Orona,moved
Documentacao Tecnica/Orona/Orona - WD 7000 400 100902.pdf,Esquemas Eletricos/Orona/7000 Series Wiring Diagram 400V.pdf,high_confidence,Orona,moved
Documentacao Tecnica/Orona/Orona - WD 7000 Freq 100902.pdf,Esquemas Eletricos/Orona/7000 Series Wiring Diagram 230V.pdf,high_confidence,Orona,moved
Documentacao Tecnica/Orona/Orona - cover dup22.jpg,Esquemas Eletricos/Orona/Cabin Position Sensor Wiring Diagram.jpg,high_confidence,Orona,moved
Documentacao Tecnica/Orona/Orona - cover dup23.jpg,Esquemas Eletricos/Orona/Position Sensor Signal Wiring Diagram.jpg,high_confidence,Orona,moved
Documentacao Tecnica/Orona/Orona - cover dup24.jpg,Esquemas Eletricos/Orona/Orona - cover dup24.jpg,high_confidence,Orona,moved
Documentacao Tecnica/Orona/Orona - cover dup25.jpg,Esquemas Eletricos/Orona/Automatic Door Wiring Diagram.jpg,high_confidence,Orona,moved
Documentacao Tecnica/Orona/Orona - cover dup28.jpg,Esquemas Eletricos/Orona/Door Interlock and Safety Circuit Diagram.jpg,high_confidence,Orona,moved
Documentacao Tecnica/Orona/Orona - cover dup29.jpg,Esquemas Eletricos/Orona/Door Interlock Wiring Diagram.jpg,high_confidence,Orona,moved
Documentacao Tecnica/Orona/Orona - cover dup30.jpg,Esquemas Eletricos/Orona/Orona - cover dup30.jpg,high_confidence,Orona,moved
Documentacao Tecnica/Orona/Orona - cover dup4.jpg,Esquemas Eletricos/Orona/EM2000 Duplex Multiplex Connection Diagram.jpg,high_confidence,Orona,moved
Documentacao Tecnica/Orona/Orona - cover dup6.jpg,Esquemas Eletricos/Orona/Orona - cover dup6.jpg,high_confidence,Orona,moved
Documentacao Tecnica/Orona/Orona - mp500 in - out 1.tif,Esquemas Eletricos/Orona/MP500 Input - Output Diagram 1.tif,high_confidence,Orona,moved
Documentacao Tecnica/Orona/Orona - mp500 in - out 2.tif,Esquemas Eletricos/Orona/MP500 Input - Output Diagram 2.tif,high_confidence,Orona,moved
Documentacao Tecnica/Orona/Orona - part 6.pdf,Esquemas Eletricos/Orona/Semiautomatic Landing Door Wiring.pdf,high_confidence,Orona,moved
Documentacao Tecnica/Orona/Orona - part 7.pdf,Esquemas Eletricos/Orona/Overspeed Governor Wiring.pdf,high_confidence,Orona,moved
Documentacao Tecnica/Orona/Orona - part 8.pdf,Esquemas Eletricos/Orona/Pit Stop and Car Door Wiring.pdf,high_confidence,Orona,moved
Documentacao Tecnica/Orona/Orona - part 9.pdf,Esquemas Eletricos/Orona/ATLAS RPH Annex Components and Connections.pdf,high_confidence,Orona,moved
Documentacao Tecnica/Orona/Orona - siei.pdf,Esquemas Eletricos/Orona/D - Type Lift Controller Wiring Diagrams.pdf,high_confidence,Orona,moved
Documentacao Tecnica/Orona/fairfield orona drawings hyd.pdf,Esquemas Eletricos/Orona/fairfield orona drawings hyd.pdf,high_confidence,Orona,moved
Documentacao Tecnica/Otis/OTIS CEN ASC INCLINADO ENE - 1990 - OTIS CEN.pdf,Ficheiros de Engenharia/Otis/CEN Inclined Elevator OMEGATROL 3FC Manual.pdf,review,Otis,moved
Documentacao Tecnica/Otis/OTIS MCS 220 ESQUENA - OTIS.pdf,Esquemas Eletricos/Otis/MCS220 Diagram.pdf,high_confidence,Otis,moved
Documentacao Tecnica/Otis/OTIS MCS 411 413 DIRECT D CONEXIONADO - OTIS MCS 411.pdf,Esquemas Eletricos/Otis/MCS411 Direct Connection Diagram.pdf,high_confidence,Otis,moved
Documentacao Tecnica/Otis/OTIS NE 300.pdf,Esquemas Eletricos/Otis/NE 300.pdf,high_confidence,Otis,moved
Documentacao Tecnica/Otis/OTIS NE 300__dup1.pdf,Esquemas Eletricos/Otis/NE 300__dup1.pdf,high_confidence,Otis,moved
Documentacao Tecnica/Otis/OTIS RS 18 - OTIS.pdf,Esquemas Eletricos/Otis/RS 18.pdf,high_confidence,Otis,moved
Documentacao Tecnica/Otis/OTIS relÃ s 401.pdf,Esquemas Eletricos/Otis/Relay 401.pdf,high_confidence,Otis,moved
Documentacao Tecnica/Otis/Otis - 1 dup1.jpg,Esquemas Eletricos/Otis/NE300 Microprocessor Wiring Diagram.jpg,high_confidence,Otis,moved
Documentacao Tecnica/Otis/Otis - 2 dup1.jpg,Esquemas Eletricos/Otis/NE300 Microprocessor Wiring Diagram 2.jpg,high_confidence,Otis,moved
Documentacao Tecnica/Otis/Otis - 2 dup2.jpg,Esquemas Eletricos/Otis/NE300 Microprocessor Wiring Diagram 3.jpg,high_confidence,Otis,moved
Documentacao Tecnica/Otis/Otis - 3 dup1.jpg,Esquemas Eletricos/Otis/NE300 Microprocessor Wiring Diagram 4.jpg,high_confidence,Otis,moved
Documentacao Tecnica/Otis/Otis - 3 dup2.jpg,Esquemas Eletricos/Otis/NE300 Microprocessor Wiring Diagram 5.jpg,high_confidence,Otis,moved
Documentacao Tecnica/Otis/Otis - 4 dup1.jpg,Esquemas Eletricos/Otis/NE300 Car and Hall Call Wiring Table.jpg,high_confidence,Otis,moved
Documentacao Tecnica/Otis/Otis - 4 dup2.jpg,Ficheiros de Engenharia/Otis/NE300 Controller Apparatus List.jpg,review,Otis,moved
Documentacao Tecnica/Otis/Otis - 4 dup3.jpg,Esquemas Eletricos/Otis/NE300 Microprocessor Wiring Diagram 6.jpg,high_confidence,Otis,moved
Documentacao Tecnica/Otis/Otis - 5 dup1.jpg,Esquemas Eletricos/Otis/Call Wiring and Device Table.jpg,high_confidence,Otis,moved
Documentacao Tecnica/Otis/Otis - 5 dup2.jpg,Esquemas Eletricos/Otis/Call Wiring and Device Table 2.jpg,high_confidence,Otis,moved
Documentacao Tecnica/Otis/Otis - 6 dup1.jpg,Esquemas Eletricos/Otis/NE300 Microprocessor Operation Wiring Diagram.jpg,high_confidence,Otis,moved
Documentacao Tecnica/Otis/Otis - 6 dup2.jpg,Esquemas Eletricos/Otis/MCS220 Duplex Electrical Schematic.jpg,high_confidence,Otis,moved
Documentacao Tecnica/Otis/Otis - Aaibrd.doc,Esquemas Eletricos/Otis/Otis - Aaibrd.doc,high_confidence,Otis,moved
Documentacao Tecnica/Otis/Otis - BDC 4 - LWD Part5.doc,Esquemas Eletricos/Otis/Otis - BDC 4 - LWD Part5.doc,high_confidence,Otis,moved
Documentacao Tecnica/Otis/Otis - Doc Tecnica__dup10.jpg,Esquemas Eletricos/Otis/NE300 Basic Wiring and Signal List.jpg,high_confidence,Otis,moved
Documentacao Tecnica/Otis/Otis - Doc Tecnica__dup4.txt,Esquemas Eletricos/Otis/Serial Port Wiring Details.txt,high_confidence,Otis,moved
Documentacao Tecnica/Otis/Otis - Doc Tecnica__dup8.jpg,Esquemas Eletricos/Otis/NE300 Controller Call Chart.jpg,high_confidence,Otis,moved
Documentacao Tecnica/Otis/Otis - GAE30075FAA.txt,Esquemas Eletricos/Otis/CB TTL and RCB TTL Pin Assignment.txt,high_confidence,Otis,moved
Documentacao Tecnica/Otis/Otis - GAE30075GAA.txt,Esquemas Eletricos/Otis/CB TTL and RCB TTL Pin Assignment__dup1.txt,high_confidence,Otis,moved
Documentacao Tecnica/Otis/Otis - GEN 2 Electrical Drawings.pdf,Esquemas Eletricos/Otis/GEN2 Electrical Drawings.pdf,high_confidence,Otis,moved
Documentacao Tecnica/Otis/Otis - Gen2 Electrical Drawings 2007.pdf,Esquemas Eletricos/Otis/Otis GeN2 Electrical Drawings 2007.pdf,high_confidence,Otis,moved
Documentacao Tecnica/Otis/Otis - HAMMONDS IO.txt,Esquemas Eletricos/Otis/Hammonds I O Map.txt,high_confidence,Otis,moved
Documentacao Tecnica/Otis/Otis - HWDiagr.pdf,Esquemas Eletricos/Otis/Hardware Wiring Diagram.pdf,high_confidence,Otis,moved
Documentacao Tecnica/Otis/Otis - MCB STM AAF.doc,Esquemas Eletricos/Otis/MCB STM AAF Wiring Diagram.doc,high_confidence,Otis,moved
Documentacao Tecnica/Otis/Otis - MCB SUR AAF.doc,Esquemas Eletricos/Otis/MCB SUR AAF Wiring Diagram.doc,high_confidence,Otis,moved
Documentacao Tecnica/Otis/Otis - MCB SUR.doc,Esquemas Eletricos/Otis/MCB SUR Wiring Diagram.doc,high_confidence,Otis,moved
Documentacao Tecnica/Otis/Otis - MCS 120 - 220 Electrical Drawings.pdf,Esquemas Eletricos/Otis/MCS 120 - 220 Electrical Drawings.pdf,high_confidence,Otis,moved
Documentacao Tecnica/Otis/Otis - MCS 120 HYD drawings.pdf,Esquemas Eletricos/Otis/MCS 120 Hydraulic Drawings.pdf,high_confidence,Otis,moved
Documentacao Tecnica/Otis/Otis - MCS 220 H Casa das Maquinas.pdf,Esquemas Eletricos/Otis/MCS 220 H Machine Room Wiring.pdf,high_confidence,Otis,moved
Documentacao Tecnica/Otis/Otis - MCS 220 H Poço.pdf,Esquemas Eletricos/Otis/MCS 220 H Hoistway Wiring.pdf,high_confidence,Otis,moved
Documentacao Tecnica/Otis/Otis - MCS220CXGEN2 V4 A4.pdf,Esquemas Eletricos/Otis/MCS 220 CX GEN2 Microprocessor Controller.pdf,high_confidence,Otis,moved
Documentacao Tecnica/Otis/Otis - RCB2 IOS NO 3.txt,Esquemas Eletricos/Otis/RCB II I O List - Exchange CT No 3.txt,high_confidence,Otis,moved
Documentacao Tecnica/Otis/Otis - RS 5 cct.tiff,Esquemas Eletricos/Otis/RS5 Controller Circuit Diagram.tiff,high_confidence,Otis,moved
Documentacao Tecnica/Otis/Otis - cover dup2.jpg,Ficheiros de Engenharia/Otis/Otis Escalator Connections Index.jpg,review,Otis,moved
Documentacao Tecnica/Otis/Otis - cover dup3.jpg,Esquemas Eletricos/Otis/Otis E2718 VF Control Diagram.jpg,high_confidence,Otis,moved
Documentacao Tecnica/Otis/Otis - cover dup7.jpg,Esquemas Eletricos/Otis/Otis DOMUS Model General Scheme.jpg,high_confidence,Otis,moved
Documentacao Tecnica/Otis/Otis - img121.jpg,Esquemas Eletricos/Otis/Otis ADV - 210 Microprocessor Diagram.jpg,high_confidence,Otis,moved
Documentacao Tecnica/Otis/Otis - img122.jpg,Esquemas Eletricos/Otis/Otis ADV - 210 Microprocessor Diagram__dup1.jpg,high_confidence,Otis,moved
Documentacao Tecnica/Otis/Otis - img123.jpg,Esquemas Eletricos/Otis/Otis ADV - 210 Microprocessor Diagram__dup2.jpg,high_confidence,Otis,moved
Documentacao Tecnica/Otis/Otis - img125.jpg,Esquemas Eletricos/Otis/ADV - 210 Microprocessor Control Diagram.jpg,high_confidence,Otis,moved
Documentacao Tecnica/Otis/Otis - img126.jpg,Esquemas Eletricos/Otis/ADV - 210 Microprocessor Control Diagram__dup1.jpg,high_confidence,Otis,moved
Documentacao Tecnica/Otis/Otis - img127.jpg,Esquemas Eletricos/Otis/ADV - 210 Microprocessor Control Diagram__dup2.jpg,high_confidence,Otis,moved
Documentacao Tecnica/Otis/Otis - img128.jpg,Esquemas Eletricos/Otis/ADV - 210 Microprocessor Control Diagram__dup3.jpg,high_confidence,Otis,moved
Documentacao Tecnica/Otis/Otis - img129.jpg,Esquemas Eletricos/Otis/ADV - 210 Microprocessor Control Diagram__dup4.jpg,high_confidence,Otis,moved
Documentacao Tecnica/Otis/Otis - img130.jpg,Esquemas Eletricos/Otis/ADV - 210 Microprocessor Control Diagram__dup5.jpg,high_confidence,Otis,moved
Documentacao Tecnica/Otis/Otis - img131.jpg,Esquemas Eletricos/Otis/ADV - 210 Microprocessor Control Diagram__dup6.jpg,high_confidence,Otis,moved
Documentacao Tecnica/Otis/Otis - img132.jpg,Esquemas Eletricos/Otis/ADV - 210 Microprocessor Control Diagram__dup7.jpg,high_confidence,Otis,moved
Documentacao Tecnica/Otis/Otis - img133.jpg,Esquemas Eletricos/Otis/ADV - 210 Microprocessor Control Diagram__dup8.jpg,high_confidence,Otis,moved
Documentacao Tecnica/Otis/Otis - img134.jpg,Esquemas Eletricos/Otis/Floor Position Indicator Wiring Diagram.jpg,high_confidence,Otis,moved
Documentacao Tecnica/Otis/Otis - img135.jpg,Esquemas Eletricos/Otis/ADV - 210 Microprocessor Control Diagram__dup9.jpg,high_confidence,Otis,moved
Documentacao Tecnica/Otis/Otis - img136.jpg,Esquemas Eletricos/Otis/ADV - 210 Control Wiring for Machine Room and Pits.jpg,high_confidence,Otis,moved
Documentacao Tecnica/Otis/Otis - img137.jpg,Esquemas Eletricos/Otis/ADV - 210 Control Wiring for Machine Room and Pits__dup1.jpg,high_confidence,Otis,moved
Documentacao Tecnica/Otis/Otis - img138.jpg,Esquemas Eletricos/Otis/Emergency Battery and Lighting Wiring.jpg,high_confidence,Otis,moved
Documentacao Tecnica/Otis/Otis - img139.jpg,Ficheiros de Engenharia/Otis/ADV - 210 Microprocessor Control Diagram Index.jpg,review,Otis,moved
Documentacao Tecnica/Otis/Otis - img140.jpg,Esquemas Eletricos/Otis/ADV - 210 Elevator Control Wiring Diagram.jpg,high_confidence,Otis,moved
Documentacao Tecnica/Otis/Otis - img143.jpg,Esquemas Eletricos/Otis/Call and Selector Wiring Diagram.jpg,high_confidence,Otis,moved
Documentacao Tecnica/Otis/Otis - img147.jpg,Esquemas Eletricos/Otis/Otis Control Electrical Diagram.jpg,high_confidence,Otis,moved
Documentacao Tecnica/Otis/PLANO OTIS SELETROM.pdf,Esquemas Eletricos/Otis/Otis Seletrom Plan.pdf,high_confidence,Otis,moved
Documentacao Tecnica/Schindler/Schindler - 15p5.gif,Ficheiros de Engenharia/Schindler/Schindler Motor Connection Voltages 15p5.gif,review,Schindler,moved
Documentacao Tecnica/Schindler/Schindler - 17y2.gif,Esquemas Eletricos/Schindler/Schindler - 17y2.gif,high_confidence,Schindler,moved
Documentacao Tecnica/Schindler/Schindler - 17y3.gif,Esquemas Eletricos/Schindler/Schindler - 17y3.gif,high_confidence,Schindler,moved
Documentacao Tecnica/Schindler/Schindler - 17y4.gif,Esquemas Eletricos/Schindler/Schindler - 17y4.gif,high_confidence,Schindler,moved
Documentacao Tecnica/Schindler/Schindler - 17y7.gif,Esquemas Eletricos/Schindler/Schindler - 17y7.gif,high_confidence,Schindler,moved
Documentacao Tecnica/Schindler/Schindler - 201293.jpg,Esquemas Eletricos/Schindler/Schindler - 201293.jpg,high_confidence,Schindler,moved
Documentacao Tecnica/Schindler/Schindler - 201295.jpg,Esquemas Eletricos/Schindler/Schindler - 201295.jpg,high_confidence,Schindler,moved
Documentacao Tecnica/Schindler/Schindler - 204059.jpg,Esquemas Eletricos/Schindler/Schindler - 204059.jpg,high_confidence,Schindler,moved
Documentacao Tecnica/Schindler/Schindler - 20p19.gif,Ficheiros de Engenharia/Schindler/Schindler - 20p19.gif,review,Schindler,moved
Documentacao Tecnica/Schindler/Schindler - 319637.jpg,Esquemas Eletricos/Schindler/Schindler - 319637.jpg,high_confidence,Schindler,moved
Documentacao Tecnica/Schindler/Schindler - 319891.jpg,Esquemas Eletricos/Schindler/Schindler - 319891.jpg,high_confidence,Schindler,moved
Documentacao Tecnica/Schindler/Schindler - 319892.jpg,Esquemas Eletricos/Schindler/Schindler - 319892.jpg,high_confidence,Schindler,moved
Documentacao Tecnica/Schindler/Schindler - 319893.jpg,Esquemas Eletricos/Schindler/Schindler - 319893.jpg,high_confidence,Schindler,moved
Documentacao Tecnica/Schindler/Schindler - 319901.jpg,Esquemas Eletricos/Schindler/Schindler - 319901.jpg,high_confidence,Schindler,moved
Documentacao Tecnica/Schindler/Schindler - 319902.jpg,Esquemas Eletricos/Schindler/Schindler - 319902.jpg,high_confidence,Schindler,moved
Documentacao Tecnica/Schindler/Schindler - 319903.jpg,Esquemas Eletricos/Schindler/Schindler - 319903.jpg,high_confidence,Schindler,moved
Documentacao Tecnica/Schindler/Schindler - 319904.jpg,Esquemas Eletricos/Schindler/Schindler - 319904.jpg,high_confidence,Schindler,moved
Documentacao Tecnica/Schindler/Schindler - 319905.jpg,Esquemas Eletricos/Schindler/Schindler - 319905.jpg,high_confidence,Schindler,moved
Documentacao Tecnica/Schindler/Schindler - 319906.jpg,Esquemas Eletricos/Schindler/Schindler - 319906.jpg,high_confidence,Schindler,moved
Documentacao Tecnica/Schindler/Schindler - 319973.jpg,Esquemas Eletricos/Schindler/Schindler - 319973.jpg,high_confidence,Schindler,moved
Documentacao Tecnica/Schindler/Schindler - 319991.jpg,Esquemas Eletricos/Schindler/Schindler - 319991.jpg,high_confidence,Schindler,moved
Documentacao Tecnica/Schindler/Schindler - 323111.jpg,Esquemas Eletricos/Schindler/Schindler - 323111.jpg,high_confidence,Schindler,moved
Documentacao Tecnica/Schindler/Schindler - 323114.jpg,Esquemas Eletricos/Schindler/Schindler - 323114.jpg,high_confidence,Schindler,moved
Documentacao Tecnica/Schindler/Schindler - 32y1.gif,Esquemas Eletricos/Schindler/Schindler - 32y1.gif,high_confidence,Schindler,moved
Documentacao Tecnica/Schindler/Schindler - 32y2 - 1.gif,Esquemas Eletricos/Schindler/Schindler - 32y2 - 1.gif,high_confidence,Schindler,moved
Documentacao Tecnica/Schindler/Schindler - 32y2 - 2.gif,Esquemas Eletricos/Schindler/Schindler - 32y2 - 2.gif,high_confidence,Schindler,moved
Documentacao Tecnica/Schindler/Schindler - 32y2 - 3.gif,Esquemas Eletricos/Schindler/Schindler - 32y2 - 3.gif,high_confidence,Schindler,moved
Documentacao Tecnica/Schindler/Schindler - 32y3.gif,Esquemas Eletricos/Schindler/Schindler Links Diagram.gif,high_confidence,Schindler,moved
Documentacao Tecnica/Schindler/Schindler - 332206.jpg,Ficheiros de Engenharia/Schindler/Schindler - 332206.jpg,review,Schindler,moved
Documentacao Tecnica/Schindler/Schindler - 333634.jpg,Ficheiros de Engenharia/Schindler/Schindler - 333634.jpg,review,Schindler,moved
Documentacao Tecnica/Schindler/Schindler - 342708.jpg,Ficheiros de Engenharia/Schindler/Schindler - 342708.jpg,review,Schindler,moved
Documentacao Tecnica/Schindler/Schindler - 345981.jpg,Ficheiros de Engenharia/Schindler/Schindler - 345981.jpg,review,Schindler,moved
Documentacao Tecnica/Schindler/Schindler - 34y4 - 1.gif,Ficheiros de Engenharia/Schindler/Schindler - 34y4 - 1.gif,review,Schindler,moved
Documentacao Tecnica/Schindler/Schindler - 34y4 - 2.gif,Ficheiros de Engenharia/Schindler/Schindler - 34y4 - 2.gif,review,Schindler,moved
Documentacao Tecnica/Schindler/Schindler - 354707.jpg,Ficheiros de Engenharia/Schindler/Schindler - 354707.jpg,review,Schindler,moved
Documentacao Tecnica/Schindler/Schindler - 35y2.gif,Esquemas Eletricos/Schindler/Schindler - 35y2.gif,high_confidence,Schindler,moved
Documentacao Tecnica/Schindler/Schindler - 35y4 - 1.gif,Esquemas Eletricos/Schindler/Schindler - 35y4 Wiring Diagram.gif,high_confidence,Schindler,moved
Documentacao Tecnica/Schindler/Schindler - 35y4.gif,Esquemas Eletricos/Schindler/Schindler - 35y4 Wiring Diagram__dup1.gif,high_confidence,Schindler,moved
Documentacao Tecnica/Schindler/Schindler - 360410.jpg,Esquemas Eletricos/Schindler/Schindler Terminal Assignment Diagram.jpg,high_confidence,Schindler,moved
Documentacao Tecnica/Schindler/Schindler - 52501769.jpg,Esquemas Eletricos/Schindler/Schindler - 52501769.jpg,high_confidence,Schindler,moved
Documentacao Tecnica/Schindler/Schindler - 52y0.gif,Esquemas Eletricos/Schindler/Schindler - 52y0.gif,high_confidence,Schindler,moved
Documentacao Tecnica/Schindler/Schindler - 53100839.jpg,Esquemas Eletricos/Schindler/Schindler Electrical Installation Drawing 53100839.jpg,high_confidence,Schindler,moved
Documentacao Tecnica/Schindler/Schindler - 53y2.gif,Esquemas Eletricos/Schindler/Schindler Wiring Diagram Fragment 53Y2.gif,high_confidence,Schindler,moved
Documentacao Tecnica/Schindler/Schindler - 53y3.gif,Esquemas Eletricos/Schindler/Schindler - 53y3.gif,high_confidence,Schindler,moved
Documentacao Tecnica/Schindler/Schindler - 545673.jpg,Ficheiros de Engenharia/Schindler/Schindler - 545673.jpg,review,Schindler,moved
Documentacao Tecnica/Schindler/Schindler - 546814.jpg,Esquemas Eletricos/Schindler/Schindler PULS 5 Wiring Reference.jpg,high_confidence,Schindler,moved
Documentacao Tecnica/Schindler/Schindler - 546969.jpg,Esquemas Eletricos/Schindler/Schindler LUST Interface and Wiring Note.jpg,high_confidence,Schindler,moved
Documentacao Tecnica/Schindler/Schindler - 55501992.jpg,Esquemas Eletricos/Schindler/Input Sensor LON Supply Diagram.jpg,high_confidence,Schindler,moved
Documentacao Tecnica/Schindler/Schindler - 57S16.gif,Esquemas Eletricos/Schindler/Schindler Wiring Diagram 57S16.gif,high_confidence,Schindler,moved
Documentacao Tecnica/Schindler/Schindler - 57S3.gif,Esquemas Eletricos/Schindler/Schindler Wiring Diagram 57S3.gif,high_confidence,Schindler,moved
Documentacao Tecnica/Schindler/Schindler - 57S5.gif,Esquemas Eletricos/Schindler/Schindler Wiring Diagram 57S5.gif,high_confidence,Schindler,moved
Documentacao Tecnica/Schindler/Schindler - 57Y14.gif,Esquemas Eletricos/Schindler/Schindler Wiring Diagram 57Y14.gif,high_confidence,Schindler,moved
Documentacao Tecnica/Schindler/Schindler - 57Y171.gif,Esquemas Eletricos/Schindler/Schindler Wiring Diagram 57Y171.gif,high_confidence,Schindler,moved
Documentacao Tecnica/Schindler/Schindler - 57Y18.gif,Esquemas Eletricos/Schindler/Schindler Wiring Diagram 57Y18.gif,high_confidence,Schindler,moved
Documentacao Tecnica/Schindler/Schindler - 57Y19.gif,Esquemas Eletricos/Schindler/Schindler Wiring Diagram 57Y19.gif,high_confidence,Schindler,moved
Documentacao Tecnica/Schindler/Schindler - 57Y20.gif,Esquemas Eletricos/Schindler/Schindler Wiring Diagram 57Y20.gif,high_confidence,Schindler,moved
Documentacao Tecnica/Schindler/Schindler - 57Y21.gif,Esquemas Eletricos/Schindler/Schindler Wiring Diagram 57Y21.gif,high_confidence,Schindler,moved
Documentacao Tecnica/Schindler/Schindler - 57Y23.gif,Esquemas Eletricos/Schindler/Schindler Wiring Diagram 57Y23.gif,high_confidence,Schindler,moved
Documentacao Tecnica/Schindler/Schindler - 57Y25.gif,Esquemas Eletricos/Schindler/Schindler Wiring Diagram 57Y25.gif,high_confidence,Schindler,moved
Documentacao Tecnica/Schindler/Schindler - 57Y26.gif,Esquemas Eletricos/Schindler/Schindler Wiring Diagram 57Y26.gif,high_confidence,Schindler,moved
Documentacao Tecnica/Schindler/Schindler - 57s11.gif,Esquemas Eletricos/Schindler/Schindler Wiring Diagram 57s11.gif,high_confidence,Schindler,moved
Documentacao Tecnica/Schindler/Schindler - 57s13.gif,Esquemas Eletricos/Schindler/Schindler Wiring Diagram 57s13.gif,high_confidence,Schindler,moved
Documentacao Tecnica/Schindler/Schindler - 57s14.gif,Esquemas Eletricos/Schindler/Schindler Wiring Diagram 57s14.gif,high_confidence,Schindler,moved
Documentacao Tecnica/Schindler/Schindler - 57s15.gif,Esquemas Eletricos/Schindler/Schindler Wiring Diagram 57s15.gif,high_confidence,Schindler,moved
Documentacao Tecnica/Schindler/Schindler - 57s4.gif,Ficheiros de Engenharia/Schindler/Schindler - 57s4.gif,review,Schindler,moved
Documentacao Tecnica/Schindler/Schindler - 57s6.gif,Ficheiros de Engenharia/Schindler/Schindler - 57s6.gif,review,Schindler,moved
Documentacao Tecnica/Schindler/Schindler - 583572.jpg,Ficheiros de Engenharia/Schindler/Schindler - 583572.jpg,review,Schindler,moved
Documentacao Tecnica/Schindler/Schindler - 583578.jpg,Ficheiros de Engenharia/Schindler/Schindler - 583578.jpg,review,Schindler,moved
Documentacao Tecnica/Schindler/Schindler - 583589.jpg,Ficheiros de Engenharia/Schindler/Schindler - 583589.jpg,review,Schindler,moved
Documentacao Tecnica/Schindler/Schindler - 583671.jpg,Esquemas Eletricos/Schindler/Schindler - 583671.jpg,high_confidence,Schindler,moved
Documentacao Tecnica/Schindler/Schindler - 583677.jpg,Esquemas Eletricos/Schindler/Schindler - 583677.jpg,high_confidence,Schindler,moved
Documentacao Tecnica/Schindler/Schindler - 583702.jpg,Esquemas Eletricos/Schindler/Schindler - 583702.jpg,high_confidence,Schindler,moved
Documentacao Tecnica/Schindler/Schindler - 583703.jpg,Esquemas Eletricos/Schindler/Schindler - 583703.jpg,high_confidence,Schindler,moved
Documentacao Tecnica/Schindler/Schindler - 583927.jpg,Esquemas Eletricos/Schindler/Schindler - 583927.jpg,high_confidence,Schindler,moved
Documentacao Tecnica/Schindler/Schindler - 583958.jpg,Esquemas Eletricos/Schindler/Schindler - 583958.jpg,high_confidence,Schindler,moved
Documentacao Tecnica/Schindler/Schindler - 583968.jpg,Esquemas Eletricos/Schindler/Schindler - 583968.jpg,high_confidence,Schindler,moved
Documentacao Tecnica/Schindler/Schindler - 591487.jpg,Ficheiros de Engenharia/Schindler/Schindler - 591487.jpg,review,Schindler,moved
Documentacao Tecnica/Schindler/Schindler - 59313515.jpg,Esquemas Eletricos/Schindler/Schindler - 59313515.jpg,high_confidence,Schindler,moved
Documentacao Tecnica/Schindler/Schindler - 59313520.jpg,Esquemas Eletricos/Schindler/Schindler - 59313520.jpg,high_confidence,Schindler,moved
Documentacao Tecnica/Schindler/Schindler - 59313521.jpg,Esquemas Eletricos/Schindler/Schindler - 59313521.jpg,high_confidence,Schindler,moved
Documentacao Tecnica/Schindler/Schindler - 59313525.jpg,Esquemas Eletricos/Schindler/Schindler - 59313525.jpg,high_confidence,Schindler,moved
Documentacao Tecnica/Schindler/Schindler - 59313526.jpg,Esquemas Eletricos/Schindler/Schindler - 59313526.jpg,high_confidence,Schindler,moved
Documentacao Tecnica/Schindler/Schindler - 59313527.jpg,Esquemas Eletricos/Schindler/Schindler - 59313527.jpg,high_confidence,Schindler,moved
Documentacao Tecnica/Schindler/Schindler - 59313529.jpg,Esquemas Eletricos/Schindler/Schindler - 59313529.jpg,high_confidence,Schindler,moved
Documentacao Tecnica/Schindler/Schindler - 59313530.jpg,Esquemas Eletricos/Schindler/Schindler - 59313530.jpg,high_confidence,Schindler,moved
Documentacao Tecnica/Schindler/Schindler - 59313533.jpg,Esquemas Eletricos/Schindler/Schindler - 59313533.jpg,high_confidence,Schindler,moved
Documentacao Tecnica/Schindler/Schindler - 59313534.jpg,Esquemas Eletricos/Schindler/Schindler - 59313534.jpg,high_confidence,Schindler,moved
Documentacao Tecnica/Schindler/Schindler - 59313535.jpg,Esquemas Eletricos/Schindler/Schindler - 59313535.jpg,high_confidence,Schindler,moved
Documentacao Tecnica/Schindler/Schindler - 59313548.jpg,Esquemas Eletricos/Schindler/Schindler - 59313548.jpg,high_confidence,Schindler,moved
Documentacao Tecnica/Schindler/Schindler - 59313549.jpg,Esquemas Eletricos/Schindler/Schindler - 59313549.jpg,high_confidence,Schindler,moved
Documentacao Tecnica/Schindler/Schindler - 59313550.jpg,Esquemas Eletricos/Schindler/Schindler - 59313550.jpg,high_confidence,Schindler,moved
Documentacao Tecnica/Schindler/Schindler - 59313557.jpg,Esquemas Eletricos/Schindler/Schindler - 59313557.jpg,high_confidence,Schindler,moved
Documentacao Tecnica/Schindler/Schindler - 59313559.jpg,Esquemas Eletricos/Schindler/Schindler - 59313559.jpg,high_confidence,Schindler,moved
Documentacao Tecnica/Schindler/Schindler - 59313560.jpg,Esquemas Eletricos/Schindler/Schindler - 59313560.jpg,high_confidence,Schindler,moved
Documentacao Tecnica/Schindler/Schindler - 59313561.jpg,Esquemas Eletricos/Schindler/Schindler - 59313561.jpg,high_confidence,Schindler,moved
Documentacao Tecnica/Schindler/Schindler - 59313562.jpg,Esquemas Eletricos/Schindler/Schindler - 59313562.jpg,high_confidence,Schindler,moved
Documentacao Tecnica/Schindler/Schindler - 59313563.jpg,Esquemas Eletricos/Schindler/Schindler - 59313563.jpg,high_confidence,Schindler,moved
Documentacao Tecnica/Schindler/Schindler - ARD 0101.pdf,Esquemas Eletricos/Schindler/Miconic MX - GC ARD Main Supply Wiring Diagram.pdf,high_confidence,Schindler,moved
Documentacao Tecnica/Schindler/Schindler - ARD 0102.pdf,Esquemas Eletricos/Schindler/Miconic MX - GC ARD Controller Supply Wiring Diagram.pdf,high_confidence,Schindler,moved
Documentacao Tecnica/Schindler/Schindler - ARD 0103.pdf,Esquemas Eletricos/Schindler/ARD AUS Modification - REC - OKR Safety Circuit.pdf,high_confidence,Schindler,moved
Documentacao Tecnica/Schindler/Schindler - ARD 0104.pdf,Esquemas Eletricos/Schindler/ARD AUS Modification - VF Drive Interface.pdf,high_confidence,Schindler,moved
Documentacao Tecnica/Schindler/Schindler - ARD 0105.pdf,Esquemas Eletricos/Schindler/ARD AUS Modification - Magnetic Brake Circuit.pdf,high_confidence,Schindler,moved
Documentacao Tecnica/Schindler/Schindler - ARD 0106.pdf,Esquemas Eletricos/Schindler/ARD AUS Modification - Door Drive Interface.pdf,high_confidence,Schindler,moved
Documentacao Tecnica/Schindler/Schindler - ARD 0107.pdf,Esquemas Eletricos/Schindler/ARD AUS Modification - Door Drive with Parameters.pdf,high_confidence,Schindler,moved
Documentacao Tecnica/Schindler/Schindler - ARD 0108.pdf,Esquemas Eletricos/Schindler/ARD AUS Modification - Door Drive with Parameter Settings.pdf,high_confidence,Schindler,moved
Documentacao Tecnica/Schindler/Schindler - ARD 0109.pdf,Esquemas Eletricos/Schindler/ARD AUS Modification - Sematic Door Drive.pdf,high_confidence,Schindler,moved
Documentacao Tecnica/Schindler/Schindler - Arrow.pdf,Esquemas Eletricos/Schindler/Miconic BX Connection Arrow.pdf,high_confidence,Schindler,moved
Documentacao Tecnica/Schindler/Schindler - BIOPCSE.pdf,Esquemas Eletricos/Schindler/Schindler BIOPCSE Control Board Schematic.pdf,high_confidence,Schindler,moved
Documentacao Tecnica/Schindler/Schindler - Cable comm RJ45 and RS422.pdf,Ficheiros de Engenharia/Schindler/RJ45 and RS422 Communication Cable.pdf,review,Schindler,moved
Documentacao Tecnica/Schindler/Schindler - Doc Tecnica__dup187.pdf,Esquemas Eletricos/Schindler/FM500 B C Gearless Machine Wiring Diagram.pdf,high_confidence,Schindler,moved
Documentacao Tecnica/Schindler/Schindler - Doc Tecnica__dup341.pdf,Esquemas Eletricos/Schindler/Schindler Control Wiring and Connectors.pdf,high_confidence,Schindler,moved
Documentacao Tecnica/Schindler/Schindler - Doc Tecnica__dup342.pdf,Esquemas Eletricos/Schindler/Schindler Control Wiring and Connectors__dup1.pdf,high_confidence,Schindler,moved
Documentacao Tecnica/Schindler/Schindler - GIESA 1vel.bmp,Esquemas Eletricos/Schindler/GIESA 1 - Speed Elevator Wiring Diagram.bmp,high_confidence,Schindler,moved
Documentacao Tecnica/Schindler/Schindler - Group SDDB.pdf,Esquemas Eletricos/Schindler/Group SDDB Interconnections.pdf,high_confidence,Schindler,moved
Documentacao Tecnica/Schindler/Schindler - J414007611.pdf,Esquemas Eletricos/Schindler/Electrical Connection for VF10 20 24BR NXS.pdf,high_confidence,Schindler,moved
Documentacao Tecnica/Schindler/Schindler - S194240.tif,Esquemas Eletricos/Schindler/Control Wiring Diagram S194240.tif,high_confidence,Schindler,moved
Documentacao Tecnica/Schindler/Schindler - S194241.tif,Esquemas Eletricos/Schindler/Control Wiring Diagram S194241.tif,high_confidence,Schindler,moved
Documentacao Tecnica/Schindler/Schindler - S194242.tif,Esquemas Eletricos/Schindler/Control Wiring Diagram S194242.tif,high_confidence,Schindler,moved
Documentacao Tecnica/Schindler/Schindler - S194244 - 1.tif,Esquemas Eletricos/Schindler/Control Wiring Diagram S194244 - Sheet 1.tif,high_confidence,Schindler,moved
Documentacao Tecnica/Schindler/Schindler - S194244 - 2.tif,Esquemas Eletricos/Schindler/Control Wiring Diagram S194244 - Sheet 2.tif,high_confidence,Schindler,moved
Documentacao Tecnica/Schindler/Schindler - S194244 - 3.tif,Esquemas Eletricos/Schindler/Control Wiring Diagram S194244 - Sheet 3.tif,high_confidence,Schindler,moved
Documentacao Tecnica/Schindler/Schindler - S194244 - 4.tif,Esquemas Eletricos/Schindler/Control Wiring Diagram S194244 - Sheet 4.tif,high_confidence,Schindler,moved
Documentacao Tecnica/Schindler/Schindler - S194244 - 5.tif,Esquemas Eletricos/Schindler/Control Wiring Diagram S194244 - Sheet 5.tif,high_confidence,Schindler,moved
Documentacao Tecnica/Schindler/Schindler - S194253 - 1.tif,Esquemas Eletricos/Schindler/Inverter Interface Diagram S194253 - Sheet 1.tif,high_confidence,Schindler,moved
Documentacao Tecnica/Schindler/Schindler - S194253 - 2.tif,Esquemas Eletricos/Schindler/Inverter Interface Diagram S194253 - Sheet 2.tif,high_confidence,Schindler,moved
Documentacao Tecnica/Schindler/Schindler - S194253 - 3.tif,Esquemas Eletricos/Schindler/Inverter Interface Diagram S194253 - Sheet 3.tif,high_confidence,Schindler,moved
Documentacao Tecnica/Schindler/Schindler - S194254 - 2.tif,Esquemas Eletricos/Schindler/Inverter Interface Diagram S194254 - Sheet 2.tif,high_confidence,Schindler,moved
Documentacao Tecnica/Schindler/Schindler - S194254 - 3.tif,Esquemas Eletricos/Schindler/Inverter Interface Diagram S194254 - Sheet 3.tif,high_confidence,Schindler,moved
Documentacao Tecnica/Schindler/Schindler - S194254 - 4.tif,Esquemas Eletricos/Schindler/Inverter Interface Diagram S194254 - Sheet 4.tif,high_confidence,Schindler,moved
Documentacao Tecnica/Schindler/Schindler - S194254 - 5.tif,Esquemas Eletricos/Schindler/Inverter Interface Diagram S194254 - Sheet 5.tif,high_confidence,Schindler,moved
Documentacao Tecnica/Schindler/Schindler - S194255.tif,Esquemas Eletricos/Schindler/Electrical Schematic S194255.tif,high_confidence,Schindler,moved
Documentacao Tecnica/Schindler/Schindler - S194256.tif,Ficheiros de Engenharia/Schindler/Door Overbridging Diagram.tif,review,Schindler,moved
Documentacao Tecnica/Schindler/Schindler - S194257.tif,Esquemas Eletricos/Schindler/SMART MRL Door Control Wiring Diagram.tif,high_confidence,Schindler,moved
Documentacao Tecnica/Schindler/Schindler - S194258.tif,Esquemas Eletricos/Schindler/SMART MRL Shaft Wiring Diagram.tif,high_confidence,Schindler,moved
Documentacao Tecnica/Schindler/Schindler - S194260 - 1.tif,Esquemas Eletricos/Schindler/SMART MRL Landing Operation Panel Wiring Diagram.tif,high_confidence,Schindler,moved
Documentacao Tecnica/Schindler/Schindler - S194260 - 2.tif,Esquemas Eletricos/Schindler/SMART MRL Landing Operation Panel Wiring Diagram__dup1.tif,high_confidence,Schindler,moved
Documentacao Tecnica/Schindler/Schindler - S194260 - 3.tif,Esquemas Eletricos/Schindler/SMART MRL Control Circuit Diagram.tif,high_confidence,Schindler,moved
Documentacao Tecnica/Schindler/Schindler - S194260 - 4.tif,Esquemas Eletricos/Schindler/SMART MRL Control Circuit Diagram__dup1.tif,high_confidence,Schindler,moved
Documentacao Tecnica/Schindler/Schindler - S194273.tif,Esquemas Eletricos/Schindler/SMART MRL Control Circuit Diagram__dup2.tif,high_confidence,Schindler,moved
Documentacao Tecnica/Schindler/Schindler - S194290 - 1.tif,Esquemas Eletricos/Schindler/SMART MRL Second Shaft Wiring Diagram.tif,high_confidence,Schindler,moved
Documentacao Tecnica/Schindler/Schindler - S194290 - 2.tif,Esquemas Eletricos/Schindler/SMART MRL Second Shaft Wiring Diagram__dup1.tif,high_confidence,Schindler,moved
Documentacao Tecnica/Schindler/Schindler - S194290 - 3.tif,Esquemas Eletricos/Schindler/SMART MRL Door and Shaft Wiring Diagram.tif,high_confidence,Schindler,moved
Documentacao Tecnica/Schindler/Schindler - S194290 - 4.tif,Esquemas Eletricos/Schindler/SMART MRL Door and Shaft Wiring Diagram__dup1.tif,high_confidence,Schindler,moved
Documentacao Tecnica/Schindler/Schindler - S293040 0.pdf,Esquemas Eletricos/Schindler/ARS Hydraulic Drive Wiring Diagram.pdf,high_confidence,Schindler,moved
Documentacao Tecnica/Schindler/Schindler - S293041 0.pdf,Esquemas Eletricos/Schindler/ARS Electric Drive Wiring Diagram.pdf,high_confidence,Schindler,moved
Documentacao Tecnica/Schindler/Schindler - S293042 0.pdf,Esquemas Eletricos/Schindler/ARS Safety Chain Wiring Diagram.pdf,high_confidence,Schindler,moved
Documentacao Tecnica/Schindler/Schindler - S293043 0.pdf,Esquemas Eletricos/Schindler/ARS Door Drive Interface Diagram.pdf,high_confidence,Schindler,moved
Documentacao Tecnica/Schindler/Schindler - S293044 0.pdf,Esquemas Eletricos/Schindler/ARS Door Sensor Interface Diagram.pdf,high_confidence,Schindler,moved
Documentacao Tecnica/Schindler/Schindler - S293045 0.pdf,Esquemas Eletricos/Schindler/Schindler ARS Control System Wiring Diagram.pdf,high_confidence,Schindler,moved
Documentacao Tecnica/Schindler/Schindler - VFBR.jpg,Esquemas Eletricos/Schindler/VFBR Wiring Diagram.jpg,high_confidence,Schindler,moved
Documentacao Tecnica/Schindler/Schindler - VFBR1.jpg,Esquemas Eletricos/Schindler/VFBR Wiring Diagram 1.jpg,high_confidence,Schindler,moved
Documentacao Tecnica/Schindler/Schindler - VFBR2.jpg,Esquemas Eletricos/Schindler/VFBR Wiring Diagram 2.jpg,high_confidence,Schindler,moved
Documentacao Tecnica/Schindler/Schindler - VFBR3.jpg,Esquemas Eletricos/Schindler/VFBR Wiring Diagram 3.jpg,high_confidence,Schindler,moved
Documentacao Tecnica/Schindler/Schindler - VFBR4.jpg,Esquemas Eletricos/Schindler/VFBR Wiring Diagram 4.jpg,high_confidence,Schindler,moved
Documentacao Tecnica/Schindler/Schindler - VFBR5.jpg,Esquemas Eletricos/Schindler/VFBR Wiring Diagram 5.jpg,high_confidence,Schindler,moved
Documentacao Tecnica/Schindler/Schindler - VFBR6.jpg,Esquemas Eletricos/Schindler/VFBR Wiring Diagram 6.jpg,high_confidence,Schindler,moved
Documentacao Tecnica/Schindler/Schindler - Vander2.pdf,Ficheiros de Engenharia/Schindler/Encoder PCB VA1010D - EN02.pdf,review,Schindler,moved
Documentacao Tecnica/Schindler/Schindler - Varidor120C.pdf,Esquemas Eletricos/Schindler/Varidor 120C Wiring Diagram.pdf,high_confidence,Schindler,moved
Documentacao Tecnica/Schindler/Schindler - Working instruction for ARD JRH problem.pdf,Ficheiros de Engenharia/Schindler/JRH Problem with ARD - Working Instruction.pdf,review,Schindler,moved
Documentacao Tecnica/Schindler/Schindler - chapter 14.pdf,Ficheiros de Engenharia/Schindler/Electrical Installation.pdf,review,Schindler,moved
Documentacao Tecnica/Schindler/Schindler - chapter 16.pdf,Ficheiros de Engenharia/Schindler/LED Indicators.pdf,review,Schindler,moved
Documentacao Tecnica/Schindler/Schindler - drawingEarth.pdf,Ficheiros de Engenharia/Schindler/Schindler - drawingEarth.pdf,review,Schindler,moved
Documentacao Tecnica/Schindler/Schindler - ebcom a.pdf,Ficheiros de Engenharia/Schindler/Schindler - ebcom a.pdf,review,Schindler,moved
Documentacao Tecnica/Schindler/Schindler - ebcom68.pdf,Esquemas Eletricos/Schindler/EBCOM 68 Connector Schematic.pdf,high_confidence,Schindler,moved
Documentacao Tecnica/Schindler/Schindler - gcio360.pdf,Esquemas Eletricos/Schindler/GCIO360 Schematics.pdf,high_confidence,Schindler,moved
Documentacao Tecnica/Schindler/Schindler - ice1.pdf,Esquemas Eletricos/Schindler/ICE1 Schematic Diagram.pdf,high_confidence,Schindler,moved
Documentacao Tecnica/Schindler/Schindler - j 41900001 Mainstation.pdf,Esquemas Eletricos/Schindler/SchindlerID Main Station Wiring Instruction.pdf,high_confidence,Schindler,moved
Documentacao Tecnica/Schindler/Schindler - j582117e dup1.pdf,Ficheiros de Engenharia/Schindler/GFU Standard Watt V4000 Vacon CXL.pdf,review,Schindler,moved
Documentacao Tecnica/Schindler/Schindler - k602168e.pdf,Esquemas Eletricos/Schindler/Load Measuring Device with Strain Gauge.pdf,high_confidence,Schindler,moved
Documentacao Tecnica/Schindler/Schindler - notice.pdf,Esquemas Eletricos/Schindler/SDIC X400 to XVSTS Cabling Correction.pdf,high_confidence,Schindler,moved
Documentacao Tecnica/Schindler/Schindler - pag 01.jpg,Esquemas Eletricos/Schindler/Electrical Schematic Page 1.jpg,high_confidence,Schindler,moved
Documentacao Tecnica/Schindler/Schindler - pag 02.jpg,Esquemas Eletricos/Schindler/Electrical Schematic Page 2.jpg,high_confidence,Schindler,moved
Documentacao Tecnica/Schindler/Schindler - pag 03.jpg,Esquemas Eletricos/Schindler/Electrical Schematic Page 3.jpg,high_confidence,Schindler,moved
Documentacao Tecnica/Schindler/Schindler - pag 05.jpg,Esquemas Eletricos/Schindler/Electrical Schematic Page 5.jpg,high_confidence,Schindler,moved
Documentacao Tecnica/Schindler/Schindler - pag 06.jpg,Esquemas Eletricos/Schindler/Electrical Schematic Page 6.jpg,high_confidence,Schindler,moved
Documentacao Tecnica/Schindler/Schindler - pag 07.jpg,Esquemas Eletricos/Schindler/Schindler Controller Supply and Power Options.jpg,high_confidence,Schindler,moved
Documentacao Tecnica/Schindler/Schindler - pag 08.jpg,Esquemas Eletricos/Schindler/Schindler Controller Supply and Power Options__dup1.jpg,high_confidence,Schindler,moved
Documentacao Tecnica/Schindler/Schindler - pag 10.jpg,Esquemas Eletricos/Schindler/Schindler Hoistway Lighting Circuit.jpg,high_confidence,Schindler,moved
Documentacao Tecnica/Schindler/Schindler - pag 11.jpg,Esquemas Eletricos/Schindler/Schindler Safety Circuit Diagram.jpg,high_confidence,Schindler,moved
Documentacao Tecnica/Schindler/Schindler - pag 12.jpg,Esquemas Eletricos/Schindler/Schindler Safety Circuit Contacts.jpg,high_confidence,Schindler,moved
Documentacao Tecnica/Schindler/Schindler - pag 13.jpg,Esquemas Eletricos/Schindler/Schindler Inspection and Hoistway Contacts.jpg,high_confidence,Schindler,moved
Documentacao Tecnica/Schindler/Schindler - pag 14.jpg,Esquemas Eletricos/Schindler/Schindler Door and Lighting Circuit.jpg,high_confidence,Schindler,moved
Documentacao Tecnica/Schindler/Schindler - pag 16.jpg,Esquemas Eletricos/Schindler/Schindler Motor Drive and Brake Control.jpg,high_confidence,Schindler,moved
Documentacao Tecnica/Schindler/Schindler - pag 17.jpg,Esquemas Eletricos/Schindler/Schindler Door Operator Wiring.jpg,high_confidence,Schindler,moved
Documentacao Tecnica/Schindler/Schindler - pag 18.jpg,Esquemas Eletricos/Schindler/Schindler Load Measurement Circuit.jpg,high_confidence,Schindler,moved
Documentacao Tecnica/Schindler/Schindler - pag 19.jpg,Esquemas Eletricos/Schindler/Schindler Landing Interface and Floor Calls.jpg,high_confidence,Schindler,moved
Documentacao Tecnica/Schindler/Schindler - pag 20.jpg,Esquemas Eletricos/Schindler/Schindler Landing Interface Module.jpg,high_confidence,Schindler,moved
Documentacao Tecnica/Schindler/Schindler - pag 21.jpg,Esquemas Eletricos/Schindler/Schindler Car Operating Panel Wiring.jpg,high_confidence,Schindler,moved
Documentacao Tecnica/Schindler/Schindler - pag 22.jpg,Esquemas Eletricos/Schindler/Schindler Landing Indicator Panel Wiring.jpg,high_confidence,Schindler,moved
Documentacao Tecnica/Schindler/Schindler - pag 24.jpg,Esquemas Eletricos/Schindler/Schindler Car Operating Panel.jpg,high_confidence,Schindler,moved
Documentacao Tecnica/Schindler/Schindler - pag 25.jpg,Esquemas Eletricos/Schindler/Schindler Car Operating Modes and Relays.jpg,high_confidence,Schindler,moved
Documentacao Tecnica/Schindler/Schindler - pag 26.jpg,Esquemas Eletricos/Schindler/Schindler Emergency and Relay Outputs.jpg,high_confidence,Schindler,moved
Documentacao Tecnica/Schindler/Schindler - pag 27.jpg,Esquemas Eletricos/Schindler/Schindler External Interface and Emergency Power.jpg,high_confidence,Schindler,moved
Documentacao Tecnica/Schindler/Schindler - pag 28.jpg,Esquemas Eletricos/Schindler/Schindler Controller Cabinet Wiring - Fire Operation.jpg,high_confidence,Schindler,moved
Documentacao Tecnica/Schindler/Schindler - pag 29.jpg,Esquemas Eletricos/Schindler/Schindler Shaft Door Wiring - Second Hand Option.jpg,high_confidence,Schindler,moved
Documentacao Tecnica/Schindler/Schindler - pag 30.jpg,Esquemas Eletricos/Schindler/Schindler Shaft Door Wiring - Option Connections.jpg,high_confidence,Schindler,moved
Documentacao Tecnica/Schindler/Schindler - pag 31.jpg,Esquemas Eletricos/Schindler/Schindler Shaft Door Wiring - Second Hand Option__dup1.jpg,high_confidence,Schindler,moved
Documentacao Tecnica/Schindler/Schindler - pag 32.jpg,Esquemas Eletricos/Schindler/Schindler I O Wiring Diagram.jpg,high_confidence,Schindler,moved
Documentacao Tecnica/Schindler/Schindler - pag 33.jpg,Esquemas Eletricos/Schindler/Schindler Power Distribution Board Wiring.jpg,high_confidence,Schindler,moved
Documentacao Tecnica/Schindler/Schindler - pag 34.jpg,Esquemas Eletricos/Schindler/Schindler Cabinet Interconnection Diagram.jpg,high_confidence,Schindler,moved
Documentacao Tecnica/Schindler/Schindler - pag 35.jpg,Esquemas Eletricos/Schindler/Schindler Option Wiring Diagram.jpg,high_confidence,Schindler,moved
Documentacao Tecnica/Schindler/Schindler - pag 37.jpg,Esquemas Eletricos/Schindler/Schindler LON Interface Wiring Diagram.jpg,high_confidence,Schindler,moved
Documentacao Tecnica/Schindler/Schindler - piolg a.pdf,Ficheiros de Engenharia/Schindler/Schindler - piolg a.pdf,review,Schindler,moved
Documentacao Tecnica/Schindler/Schindler - piolg t.pdf,Ficheiros de Engenharia/Schindler/Schindler - piolg t.pdf,review,Schindler,moved
Documentacao Tecnica/Schindler/Schindler - sciipinv t.pdf,Ficheiros de Engenharia/Schindler/SKIIP Pack for VF120BR Technical Description.pdf,review,Schindler,moved
Documentacao Tecnica/Schindler/Schindler - var301.pdf,Esquemas Eletricos/Schindler/VARIDOR 30 Interface Diagram.pdf,high_confidence,Schindler,moved
Documentacao Tecnica/Schindler/Schindler - var302.pdf,Esquemas Eletricos/Schindler/VARIDOR 30 Connection Diagram.pdf,high_confidence,Schindler,moved
Documentacao Tecnica/TKE/TKE - 01 - 03 - 97 - MAQ - W116 - E - W136.pdf,Esquemas Eletricos/TKE/TKE - 01 - 03 - 97 - MAQ - W116 - E - W136.pdf,high_confidence,TKE,moved
Documentacao Tecnica/TKE/TKE - 1513 66.pdf,Esquemas Eletricos/TKE/TKE - 1513 66.pdf,high_confidence,TKE,moved
Documentacao Tecnica/TKE/TKE - 1513 67.pdf,Esquemas Eletricos/TKE/TKE - 1513 67.pdf,high_confidence,TKE,moved
Documentacao Tecnica/TKE/TKE - 1513 75.pdf,Esquemas Eletricos/TKE/TKE - 1513 75.pdf,high_confidence,TKE,moved
Documentacao Tecnica/TKE/TKE - 1513 77.pdf,Esquemas Eletricos/TKE/TKE - 1513 77.pdf,high_confidence,TKE,moved
Documentacao Tecnica/TKE/TKE - 1513 78.pdf,Esquemas Eletricos/TKE/TKE - 1513 78.pdf,high_confidence,TKE,moved
Documentacao Tecnica/TKE/TKE - 1513 81.pdf,Esquemas Eletricos/TKE/TKE - 1513 81.pdf,high_confidence,TKE,moved
Documentacao Tecnica/TKE/TKE - 1513 82.pdf,Esquemas Eletricos/TKE/TKE - 1513 82.pdf,high_confidence,TKE,moved
Documentacao Tecnica/TKE/TKE - 1515 04.pdf,Esquemas Eletricos/TKE/TKE - 1515 04.pdf,high_confidence,TKE,moved
Documentacao Tecnica/TKE/TKE - 1515 05.pdf,Esquemas Eletricos/TKE/TKE - 1515 05.pdf,high_confidence,TKE,moved
Documentacao Tecnica/TKE/TKE - 1515 06.pdf,Esquemas Eletricos/TKE/TKE - 1515 06.pdf,high_confidence,TKE,moved
Documentacao Tecnica/TKE/TKE - 1515 08.pdf,Esquemas Eletricos/TKE/TKE - 1515 08.pdf,high_confidence,TKE,moved
Documentacao Tecnica/TKE/TKE - 1515 12.pdf,Esquemas Eletricos/TKE/TKE - 1515 12.pdf,high_confidence,TKE,moved
Documentacao Tecnica/TKE/TKE - 1515 13.pdf,Esquemas Eletricos/TKE/TKE - 1515 13.pdf,high_confidence,TKE,moved
Documentacao Tecnica/TKE/TKE - 1515 14.pdf,Esquemas Eletricos/TKE/TKE - 1515 14.pdf,high_confidence,TKE,moved
Documentacao Tecnica/TKE/TKE - 1515 23.pdf,Esquemas Eletricos/TKE/TKE - 1515 23.pdf,high_confidence,TKE,moved
Documentacao Tecnica/TKE/TKE - 1515 24.pdf,Esquemas Eletricos/TKE/TKE - 1515 24.pdf,high_confidence,TKE,moved
Documentacao Tecnica/TKE/TKE - 1515 27.pdf,Esquemas Eletricos/TKE/TKE - 1515 27.pdf,high_confidence,TKE,moved
Documentacao Tecnica/TKE/TKE - 1515 28.pdf,Esquemas Eletricos/TKE/TKE - 1515 28.pdf,high_confidence,TKE,moved
Documentacao Tecnica/TKE/TKE - 1515 29.pdf,Esquemas Eletricos/TKE/TKE - 1515 29.pdf,high_confidence,TKE,moved
Documentacao Tecnica/TKE/TKE - 1515 30.pdf,Esquemas Eletricos/TKE/TKE - 1515 30.pdf,high_confidence,TKE,moved
Documentacao Tecnica/TKE/TKE - 1515 35.pdf,Esquemas Eletricos/TKE/TKE - 1515 35.pdf,high_confidence,TKE,moved
Documentacao Tecnica/TKE/TKE - 1515 37.pdf,Esquemas Eletricos/TKE/TKE - 1515 37.pdf,high_confidence,TKE,moved
Documentacao Tecnica/TKE/TKE - 1515 49.pdf,Esquemas Eletricos/TKE/TKE - 1515 49.pdf,high_confidence,TKE,moved
Documentacao Tecnica/TKE/TKE - 1515 50 H05.pdf,Esquemas Eletricos/TKE/TKE - 1515 50 H05.pdf,high_confidence,TKE,moved
Documentacao Tecnica/TKE/TKE - 1515 53.pdf,Esquemas Eletricos/TKE/TKE - 1515 53.pdf,high_confidence,TKE,moved
Documentacao Tecnica/TKE/TKE - 1515 54.pdf,Esquemas Eletricos/TKE/TKE - 1515 54.pdf,high_confidence,TKE,moved
Documentacao Tecnica/TKE/TKE - 1515 55.pdf,Esquemas Eletricos/TKE/TKE - 1515 55.pdf,high_confidence,TKE,moved
Documentacao Tecnica/TKE/TKE - 1515 56.pdf,Esquemas Eletricos/TKE/TKE - 1515 56.pdf,high_confidence,TKE,moved
Documentacao Tecnica/TKE/TKE - 1515 57.pdf,Esquemas Eletricos/TKE/TKE - 1515 57.pdf,high_confidence,TKE,moved
Documentacao Tecnica/TKE/TKE - 1515 58.pdf,Esquemas Eletricos/TKE/TKE - 1515 58.pdf,high_confidence,TKE,moved
Documentacao Tecnica/TKE/TKE - 1515 60.pdf,Esquemas Eletricos/TKE/TKE - 1515 60.pdf,high_confidence,TKE,moved
Documentacao Tecnica/TKE/TKE - 2657 15.pdf,Esquemas Eletricos/TKE/CMC Electrical Schematics and Control Instructions.pdf,high_confidence,TKE,moved
Documentacao Tecnica/TKE/TKE - 2657 62.pdf,Esquemas Eletricos/TKE/CMC Electrical Schematics and Control Instructions__dup1.pdf,high_confidence,TKE,moved
Documentacao Tecnica/TKE/TKE - Contactores 1V - 2672 03.pdf,Esquemas Eletricos/TKE/CMC - 3 Electrical Schematics.pdf,high_confidence,TKE,moved
Documentacao Tecnica/TKE/TKE - NT0125 - DE - Manobra CMC - 4 controlo PTC rascunho.pdf,Ficheiros de Engenharia/TKE/CMC - 4 PTC Motor Control Correction.pdf,review,TKE,moved
Documentacao Tecnica/TKE/TKE - NT027 - DE - CONVERSOR DE FREQUÊNCIA VACON NXP.pdf,Ficheiros de Engenharia/TKE/Vacon NXP Encoder Wiring with OPT - A4.pdf,review,TKE,moved
Documentacao Tecnica/TKE/TKE - NT061 - DE - Manobra K ligação da chave de patamar IBP.pdf,Ficheiros de Engenharia/TKE/Manobra K Firefighter Landing Switch Wiring.pdf,review,TKE,moved
Documentacao Tecnica/TKE/TKE - NT068 - DE - Variador KEF F5 ligação do encoder Máq assincronas.pdf,Ficheiros de Engenharia/TKE/KEB F5 Encoder Incremental Wiring.pdf,review,TKE,moved
Documentacao Tecnica/TKE/TKE - NT077 - DE - Display s DMG D13 - D43.pdf,Ficheiros de Engenharia/TKE/DMG D13 and D43 Displays for Manobra K.pdf,review,TKE,moved
Documentacao Tecnica/TKE/TKE - Seguranças 1V - 2672 06.pdf,Esquemas Eletricos/TKE/Safety Circuits 1V.pdf,high_confidence,TKE,moved
Documentacao Tecnica/TKE/TKE - Seguranças 2V - 2672 06.pdf,Esquemas Eletricos/TKE/Safety Circuits 2V.pdf,high_confidence,TKE,moved
Documentacao Tecnica/TKE/TKE - Seguranças SCM VACON - 2672 44.pdf,Esquemas Eletricos/TKE/Safety Circuits SCM Vacon.pdf,high_confidence,TKE,moved
Documentacao Tecnica/TKE/TKE - monifo45e.pdf,Ficheiros de Engenharia/TKE/AY ZSE shaft plate new cable and plug connection.pdf,review,TKE,moved
Documentacao Tecnica/TKE/TKE - monifo48e.pdf,Esquemas Eletricos/TKE/NC61D10 reduced pit brake test switch connection.pdf,high_confidence,TKE,moved
Documentacao Tecnica/TKE/TKE - monifo50e.pdf,Esquemas Eletricos/TKE/Connection of landing calls to MS boards.pdf,high_confidence,TKE,moved
Esquemas Eletricos/Kone/ECO 3000 ESQUEMA - KONE ESC.pdf,Esquemas Eletricos/Kone/ECO 3000 ESQUEMA - KONE ESC.pdf,high_confidence,Kone,moved
Esquemas Eletricos/Kone/ESCALERA KONE ECO 3000 ESQUEMA DEE 27448 - KONE ESC.pdf,Esquemas Eletricos/Kone/ESCALERA KONE ECO 3000 ESQUEMA DEE 27448 - KONE ESC.pdf,high_confidence,Kone,moved
Esquemas Eletricos/Kone/ESCALERA KONE ECO 3000 ESQUEMA KM 371173 - KONE ESC.pdf,Esquemas Eletricos/Kone/ESCALERA KONE ECO 3000 ESQUEMA KM 371173 - KONE ESC.pdf,high_confidence,Kone,moved
Esquemas Eletricos/Kone/KONE O and K ESQUEMA - KONE O.pdf,Esquemas Eletricos/Kone/KONE O and K ESQUEMA - KONE O.pdf,high_confidence,Kone,moved
Esquemas Eletricos/Kone/KONE WIRING DIAGRAMS 1.pdf,Esquemas Eletricos/Kone/KONE WIRING DIAGRAMS 1.pdf,high_confidence,Kone,moved
Esquemas Eletricos/Kone/Kone - 20151209 140200 resized 1.jpg,Esquemas Eletricos/Kone/Hydraulic Drive Circuit Diagram.jpg,high_confidence,Kone,moved
Esquemas Eletricos/Kone/Kone - 20151209 140242 resized 1.jpg,Esquemas Eletricos/Kone/Inspection and Synchronisation Drive Module Diagram.jpg,high_confidence,Kone,moved
Esquemas Eletricos/Kone/Kone - 20151209 140304 resized 1.jpg,Esquemas Eletricos/Kone/Traveling Cable Reference Diagram.jpg,high_confidence,Kone,moved
Esquemas Eletricos/Kone/Kone - Buzz circuit diagram 1 button.pdf,Esquemas Eletricos/Kone/Kone - Buzz circuit diagram 1 button.pdf,high_confidence,Kone,moved
Esquemas Eletricos/Kone/Kone - Buzz circuit diagram 2 button.pdf,Esquemas Eletricos/Kone/Kone - Buzz circuit diagram 2 button.pdf,high_confidence,Kone,moved
Esquemas Eletricos/Kone/Kone - DSCF0012.jpg,Esquemas Eletricos/Kone/Residual Current Circuit - Breaker Safety Notice.jpg,high_confidence,Kone,moved
Esquemas Eletricos/Kone/Kone - DSCF0021.jpg,Esquemas Eletricos/Kone/Switch Light Safety Notice.jpg,high_confidence,Kone,moved
Esquemas Eletricos/Kone/Kone - DSCF0023.jpg,Esquemas Eletricos/Kone/Emergency Lighting Safety Notice.jpg,high_confidence,Kone,moved
Esquemas Eletricos/Kone/Kone - DSCF0024.jpg,Esquemas Eletricos/Kone/Shaft Lighting Safety Notice.jpg,high_confidence,Kone,moved
Esquemas Eletricos/Kone/Kone - EBD Spares.pdf,Esquemas Eletricos/Kone/Kone - EBD Spares.pdf,high_confidence,Kone,moved
Esquemas Eletricos/Kone/Kone - Esquema.jpg,Esquemas Eletricos/Kone/EPB 2 4 Schematic Drawings.jpg,high_confidence,Kone,moved
Esquemas Eletricos/Kone/Kone - Improvements for Dynamic Braking.pdf,Esquemas Eletricos/Kone/Kone - Improvements for Dynamic Braking.pdf,high_confidence,Kone,moved
Esquemas Eletricos/Kone/Kone - LCE Wiring Diagrams.pdf,Esquemas Eletricos/Kone/Kone - LCE Wiring Diagrams.pdf,high_confidence,Kone,moved
Esquemas Eletricos/Kone/Kone - LE LP twin powered doors wiring diagram.pdf,Esquemas Eletricos/Kone/Kone - LE LP twin powered doors wiring diagram.pdf,high_confidence,Kone,moved
Esquemas Eletricos/Kone/Kone - MRL KDL.pdf,Esquemas Eletricos/Kone/Kone - MRL KDL.pdf,high_confidence,Kone,moved
Esquemas Eletricos/Kone/Kone - Mono R2 KSS V3f16L Dwgs.pdf,Esquemas Eletricos/Kone/Kone - Mono R2 KSS V3f16L Dwgs.pdf,high_confidence,Kone,moved
Esquemas Eletricos/Kone/Kone - VM wiring diagram.pdf,Esquemas Eletricos/Kone/Kone - VM wiring diagram.pdf,high_confidence,Kone,moved
Esquemas Eletricos/Kone/Kone - cover dup1.jpg,Esquemas Eletricos/Kone/EPB 2 4 Schematic Drawings__dup1.jpg,high_confidence,Kone,moved
Esquemas Eletricos/Kone/Kone - cover dup2.jpg,Esquemas Eletricos/Kone/Travelmaster Fault Codes.jpg,high_confidence,Kone,moved
Esquemas Eletricos/Kone/Kone - cover dup3.jpg,Esquemas Eletricos/Kone/V3F20 Training and Service Section 8.jpg,high_confidence,Kone,moved
Esquemas Eletricos/Kone/Kone - cover dup4.jpg,Esquemas Eletricos/Kone/KONE Control Panel Wiring Diagrams Cover.jpg,high_confidence,Kone,moved
Esquemas Eletricos/Kone/Kone - cover dup5.jpg,Esquemas Eletricos/Kone/KONE Konexion Electrical Scheme Cover.jpg,high_confidence,Kone,moved
Esquemas Eletricos/Kone/Kone - cover dup6.jpg,Esquemas Eletricos/Kone/KONE LCE Wiring Diagrams.jpg,high_confidence,Kone,moved
Esquemas Eletricos/Kone/Kone - cover dup7.jpg,Esquemas Eletricos/Kone/KONE LCE Wiring Diagrams__dup1.jpg,high_confidence,Kone,moved
Esquemas Eletricos/Kone/Kone - cover dup8.jpg,Esquemas Eletricos/Kone/KONE LCE Wiring Diagrams__dup2.jpg,high_confidence,Kone,moved
Esquemas Eletricos/Kone/Kone - cover dup9.jpg,Esquemas Eletricos/Kone/KONE LCE Wiring Diagrams__dup3.jpg,high_confidence,Kone,moved
Esquemas Eletricos/Kone/Kone - wiring concept - path of circuits.pdf,Esquemas Eletricos/Kone/Kone - wiring concept - path of circuits.pdf,high_confidence,Kone,moved
Esquemas Eletricos/Kone/Kone - wiring diagram.pdf,Esquemas Eletricos/Kone/Kone - wiring diagram.pdf,high_confidence,Kone,moved
Esquemas Eletricos/Kone/Kone - wiring loom.pdf,Esquemas Eletricos/Kone/Kone - wiring loom.pdf,high_confidence,Kone,moved
Esquemas Eletricos/Kone/LCE 375 ESQUEMA II - KONE.pdf,Esquemas Eletricos/Kone/LCE 375 ESQUEMA II - KONE.pdf,high_confidence,Kone,moved
Esquemas Eletricos/Kone/LCE 375 ESQUEMA K014123 - KONE.pdf,Esquemas Eletricos/Kone/LCE 375 ESQUEMA K014123 - KONE.pdf,high_confidence,Kone,moved
Esquemas Eletricos/Kone/LCE ESQUEMA 812300E03 - KONE LCE.pdf,Esquemas Eletricos/Kone/LCE ESQUEMA 812300E03 - KONE LCE.pdf,high_confidence,Kone,moved
Esquemas Eletricos/Kone/MONOSPACE KRM ESQUEMA KSA - KONE.pdf,Esquemas Eletricos/Kone/MONOSPACE KRM ESQUEMA KSA - KONE.pdf,high_confidence,Kone,moved
Esquemas Eletricos/Orona/Orona - 0451400 - Power wiring and vertical driving 2 Speeds M322.tif,Esquemas Eletricos/Orona/Orona Power Wiring and Vertical Drive Diagram.tif,high_confidence,Orona,moved
Esquemas Eletricos/Orona/Orona - 0451402 - Pow wiring and vertic driving 2 Speeds with mach room.tif,Esquemas Eletricos/Orona/Orona Power Wiring and Vertical Drive Diagram with Machine Room.tif,high_confidence,Orona,moved
Esquemas Eletricos/Orona/Orona - 0451403 - Pow wiring and vertic driving 2Sp M322 with Rescatamac.tif,Esquemas Eletricos/Orona/Orona Power Wiring and Vertical Drive Diagram with Rescue System.tif,high_confidence,Orona,moved
Esquemas Eletricos/Orona/Orona - ARca1 esquema.pdf,Esquemas Eletricos/Orona/Orona - ARca1 esquema.pdf,high_confidence,Orona,moved
Esquemas Eletricos/Orona/Orona - Adaptação Rampa Gerval - Aritco.dwg,Esquemas Eletricos/Orona/Orona - Adaptação Rampa Gerval - Aritco.dwg,high_confidence,Orona,moved
Esquemas Eletricos/Orona/Orona - Car Wiring.pdf,Esquemas Eletricos/Orona/Orona - Car Wiring.pdf,high_confidence,Orona,moved
Esquemas Eletricos/Orona/Orona - DO BASMe.pdf,Esquemas Eletricos/Orona/Orona - DO BASMe.pdf,high_confidence,Orona,moved
Esquemas Eletricos/Orona/Orona - EM2000 HY ESQUEMA - EM2000.pdf,Esquemas Eletricos/Orona/Orona - EM2000 HY ESQUEMA - EM2000.pdf,high_confidence,Orona,moved
Esquemas Eletricos/Orona/Orona - EM3000 ESQUEMA PULSADORES - EM3000.pdf,Esquemas Eletricos/Orona/Orona - EM3000 ESQUEMA PULSADORES - EM3000.pdf,high_confidence,Orona,moved
Esquemas Eletricos/Orona/Orona - Esquema ARCAII Shunts.pdf,Esquemas Eletricos/Orona/Orona - Esquema ARCAII Shunts.pdf,high_confidence,Orona,moved
Esquemas Eletricos/Orona/Orona - Esquema.jpg,Esquemas Eletricos/Orona/Orona Bidirectional Intercom Module Wiring.jpg,high_confidence,Orona,moved
Esquemas Eletricos/Orona/Orona - ILE10 Wiring Manual iss5.pdf,Esquemas Eletricos/Orona/Orona - ILE10 Wiring Manual iss5.pdf,high_confidence,Orona,moved
Esquemas Eletricos/Orona/Orona - ILE11d Charger1 Instal Guide iss1.pdf,Esquemas Eletricos/Orona/Orona - ILE11d Charger1 Instal Guide iss1.pdf,high_confidence,Orona,moved
Esquemas Eletricos/Orona/Orona - Ligação de porta KTS.dwg,Esquemas Eletricos/Orona/Orona - Ligação de porta KTS.dwg,high_confidence,Orona,moved
Esquemas Eletricos/Orona/Orona - PVLH 20Single 20Phase 20Field 20Wiring pdf 20ELECTRA 20VITORIA.pdf,Esquemas Eletricos/Orona/Orona - PVLH 20Single 20Phase 20Field 20Wiring pdf 20ELECTRA 20VITORIA.pdf,high_confidence,Orona,moved
Esquemas Eletricos/Orona/Orona - VVVF 1 6m s 1000kg 1 Acc Open 1000 CC beds lift.dwg,Esquemas Eletricos/Orona/Orona - VVVF 1 6m s 1000kg 1 Acc Open 1000 CC beds lift.dwg,high_confidence,Orona,moved
Esquemas Eletricos/Orona/Orona - VVVF 1 6m s 800kg Acc 2x180o Open 900 CC.dwg,Esquemas Eletricos/Orona/Orona - VVVF 1 6m s 800kg Acc 2x180o Open 900 CC.dwg,high_confidence,Orona,moved
Esquemas Eletricos/Orona/Orona - VVVF 1m s 1000kg Acc 2x180o Open 1000 CC beds lift.dwg,Esquemas Eletricos/Orona/Orona - VVVF 1m s 1000kg Acc 2x180o Open 1000 CC beds lift.dwg,high_confidence,Orona,moved
Esquemas Eletricos/Orona/Orona - VVVF 1m s 1000kg Acc 2x180o Open 1000 TT persons lift.dwg,Esquemas Eletricos/Orona/Orona - VVVF 1m s 1000kg Acc 2x180o Open 1000 TT persons lift.dwg,high_confidence,Orona,moved
Esquemas Eletricos/Orona/Orona - cover dup1.jpg,Esquemas Eletricos/Orona/Orona EM2000 Hydraulic Control Panel Electrical Scheme.jpg,high_confidence,Orona,moved
Esquemas Eletricos/Orona/Orona - cover dup2.jpg,Esquemas Eletricos/Orona/Orona EM2000 Gearless Drive Electrical Scheme.jpg,high_confidence,Orona,moved
Esquemas Eletricos/Orona/Orona - cover dup3.jpg,Esquemas Eletricos/Orona/Orona Two - Speed Elevator Electrical Scheme.jpg,high_confidence,Orona,moved
Esquemas Eletricos/Orona/Orona - cover dup4.jpg,Esquemas Eletricos/Orona/Orona Arca Installation Electrical Plans.jpg,high_confidence,Orona,moved
Esquemas Eletricos/Orona/Orona - cover dup5.jpg,Esquemas Eletricos/Orona/Orona Arca II Installation Electrical Plans.jpg,high_confidence,Orona,moved
Esquemas Eletricos/Orona/Orona - cover dup6.jpg,Esquemas Eletricos/Orona/Orona Arca Installation Electrical Plans__dup1.jpg,high_confidence,Orona,moved
Esquemas Eletricos/Orona/Orona - cover dup7.jpg,Esquemas Eletricos/Orona/Orona Universal Simple and Duplex Maintenance Panel Wiring.jpg,high_confidence,Orona,moved
Esquemas Eletricos/Orona/Orona - wiring 1.tif,Esquemas Eletricos/Orona/Orona Field Wiring Diagram.tif,high_confidence,Orona,moved
Esquemas Eletricos/Orona/Orona - wiring 2.tif,Esquemas Eletricos/Orona/Orona Field Wiring Diagram 2.tif,high_confidence,Orona,moved
Esquemas Eletricos/Otis/Cabo OTIS PC.dwg,Esquemas Eletricos/Otis/Cabo OTIS PC.dwg,high_confidence,Otis,moved
Esquemas Eletricos/Otis/Esquema Otis2000hidraulico.pdf,Esquemas Eletricos/Otis/Esquema Otis2000hidraulico.pdf,high_confidence,Otis,moved
Esquemas Eletricos/Otis/OTIS 506SL - escadas esquema.pdf,Esquemas Eletricos/Otis/OTIS 506SL - escadas esquema.pdf,high_confidence,Otis,moved
Esquemas Eletricos/Otis/OTIS BN PB CORE ESQUEMA - OTIS BN.pdf,Esquemas Eletricos/Otis/OTIS BN PB CORE ESQUEMA - OTIS BN.pdf,high_confidence,Otis,moved
Esquemas Eletricos/Otis/OTIS EFO ESQUEMA - OTIS.pdf,Esquemas Eletricos/Otis/OTIS EFO ESQUEMA - OTIS.pdf,high_confidence,Otis,moved
Esquemas Eletricos/Otis/OTIS EPO ESQUEMA - OTIS.pdf,Esquemas Eletricos/Otis/OTIS EPO ESQUEMA - OTIS.pdf,high_confidence,Otis,moved
Esquemas Eletricos/Otis/OTIS ESTUDIO ESQUEMA - OTIS.pdf,Esquemas Eletricos/Otis/OTIS ESTUDIO ESQUEMA - OTIS.pdf,high_confidence,Otis,moved
Esquemas Eletricos/Otis/OTIS NCE ESQUEMA - OTIS ESCALERA 506 NCE.pdf,Esquemas Eletricos/Otis/OTIS NCE ESQUEMA - OTIS ESCALERA 506 NCE.pdf,high_confidence,Otis,moved
Esquemas Eletricos/Otis/OTIS REPUESTOS I 10 - 9693AA - AS WA - OTIS.pdf,Esquemas Eletricos/Otis/OTIS REPUESTOS I 10 - 9693AA - AS WA - OTIS.pdf,high_confidence,Otis,moved
Esquemas Eletricos/Otis/OTIS TORRE PICASO ESQUEMA - OTIS.pdf,Esquemas Eletricos/Otis/OTIS TORRE PICASO ESQUEMA - OTIS.pdf,high_confidence,Otis,moved
Esquemas Eletricos/Otis/Otis - 1 dup1.jpg,Esquemas Eletricos/Otis/Otis Microprocessor Control System Diagram.jpg,high_confidence,Otis,moved
Esquemas Eletricos/Otis/Otis - 10n6b wiring dia.pdf,Esquemas Eletricos/Otis/Otis - 10n6b wiring dia.pdf,high_confidence,Otis,moved
Esquemas Eletricos/Otis/Otis - 2 - ns7850.jpg,Esquemas Eletricos/Otis/Otis MCS220 Wiring Diagram - Duplex Collective Down.jpg,high_confidence,Otis,moved
Esquemas Eletricos/Otis/Otis - 3 dup1.jpg,Esquemas Eletricos/Otis/Otis MCS220 Wiring Diagram - Duplex Collective Down__dup1.jpg,high_confidence,Otis,moved
Esquemas Eletricos/Otis/Otis - Esquema.jpg,Esquemas Eletricos/Otis/Otis NE300 Wiring Diagram - 6 Stops.jpg,high_confidence,Otis,moved
Esquemas Eletricos/Otis/Otis - Esquema__dup1.jpg,Esquemas Eletricos/Otis/Otis NE300 Inputs and Outputs Diagram.jpg,high_confidence,Otis,moved
Esquemas Eletricos/Otis/Otis - Esquema__dup2.jpg,Esquemas Eletricos/Otis/Otis NE300 Wiring Diagram - Sheet 2.jpg,high_confidence,Otis,moved
Esquemas Eletricos/Otis/Otis - Esquema__dup3.jpg,Esquemas Eletricos/Otis/Otis NE300 Hoistway Switches Diagram.jpg,high_confidence,Otis,moved
Esquemas Eletricos/Otis/Otis - Esquema__dup4.jpg,Esquemas Eletricos/Otis/Otis MCS220 Controller Interface Diagram.jpg,high_confidence,Otis,moved
Esquemas Eletricos/Otis/Otis - Esquema__dup5.jpg,Esquemas Eletricos/Otis/Otis NE300 Controller Programming Table.jpg,high_confidence,Otis,moved
Esquemas Eletricos/Otis/Otis - Esquema__dup6.jpg,Esquemas Eletricos/Otis/Otis NE300 Travelling Cable Diagram.jpg,high_confidence,Otis,moved
Esquemas Eletricos/Otis/Otis - Esquema__dup7.jpg,Esquemas Eletricos/Otis/Otis OLDCIB Wiring Diagram - Overload Sensor.jpg,high_confidence,Otis,moved
Esquemas Eletricos/Otis/Otis - GEN2 MCS220 C wiring diagrams.pdf,Esquemas Eletricos/Otis/Otis - GEN2 MCS220 C wiring diagrams.pdf,high_confidence,Otis,moved
Esquemas Eletricos/Otis/Otis - GEN2 MCS220 C.tif,Esquemas Eletricos/Otis/Otis GEN2 MCS220 Characteristics Sheet.tif,high_confidence,Otis,moved
Esquemas Eletricos/Otis/Otis - Gen 2 Car Wiring Diagram 2007.pdf,Esquemas Eletricos/Otis/Otis - Gen 2 Car Wiring Diagram 2007.pdf,high_confidence,Otis,moved
Esquemas Eletricos/Otis/Otis - MCS321M + OVF1 33 Old Broad Steet London.pdf,Esquemas Eletricos/Otis/Otis - MCS321M + OVF1 33 Old Broad Steet London.pdf,high_confidence,Otis,moved
Esquemas Eletricos/Otis/Otis - MCS321M + OVF1 33 Old Broad Steet London.tif,Esquemas Eletricos/Otis/Otis MCS321M OVF1 Characteristics Sheet.tif,high_confidence,Otis,moved
Esquemas Eletricos/Otis/Otis - PVT connections.pdf,Esquemas Eletricos/Otis/Otis - PVT connections.pdf,high_confidence,Otis,moved
Esquemas Eletricos/Otis/Otis - UMV handouts.pdf,Esquemas Eletricos/Otis/Otis - UMV handouts.pdf,high_confidence,Otis,moved
Esquemas Eletricos/Otis/Otis - VF wiring diagram components.pdf,Esquemas Eletricos/Otis/Otis - VF wiring diagram components.pdf,high_confidence,Otis,moved
Esquemas Eletricos/Otis/Otis - img124.jpg,Esquemas Eletricos/Otis/Otis 210 Microprocessor Wiring Diagram.jpg,high_confidence,Otis,moved
Esquemas Eletricos/Otis/Otis - img144.jpg,Esquemas Eletricos/Otis/Otis Electrical Symbols Legend.jpg,high_confidence,Otis,moved
Esquemas Eletricos/Otis/Otis - wiring.pdf,Esquemas Eletricos/Otis/Otis - wiring.pdf,high_confidence,Otis,moved
Esquemas Eletricos/Otis/otis sigma codigo de errores.pdf,Esquemas Eletricos/Otis/otis sigma codigo de errores.pdf,high_confidence,Otis,moved
Esquemas Eletricos/Schindler/Adaptação Miconic BX Schindler__dup1.dwg,Esquemas Eletricos/Schindler/Adaptação Miconic BX Schindler dup1.dwg,high_confidence,Schindler,moved
Esquemas Eletricos/Schindler/Schindler - 215906.jpg,Esquemas Eletricos/Schindler/Schindler Safety Circuit Warning.jpg,high_confidence,Schindler,moved
Esquemas Eletricos/Schindler/Schindler - 535783.jpg,Esquemas Eletricos/Schindler/Schindler Electrical Accident First Aid Poster.jpg,high_confidence,Schindler,moved
Esquemas Eletricos/Schindler/Schindler - 535785.jpg,Esquemas Eletricos/Schindler/Schindler Electrical Accident First Aid Poster__dup1.jpg,high_confidence,Schindler,moved
Esquemas Eletricos/Schindler/Schindler - ARD 1 0 Internal Version with 24V safety circuit and encoder interface.pdf,Esquemas Eletricos/Schindler/Schindler - ARD 1 0 Internal Version with 24V safety circuit and encoder interface.pdf,high_confidence,Schindler,moved
Esquemas Eletricos/Schindler/Schindler - ARD 24VOLT SAFETY CIRCUIT DETECTION.doc,Esquemas Eletricos/Schindler/Schindler - ARD 24VOLT SAFETY CIRCUIT DETECTION.doc,high_confidence,Schindler,moved
Esquemas Eletricos/Schindler/Schindler - ARD Wiring diagram.pdf,Esquemas Eletricos/Schindler/Schindler - ARD Wiring diagram.pdf,high_confidence,Schindler,moved
Esquemas Eletricos/Schindler/Schindler - Abreviaturas SMART.dwg,Esquemas Eletricos/Schindler/Schindler - Abreviaturas SMART.dwg,high_confidence,Schindler,moved
Esquemas Eletricos/Schindler/Schindler - Earth leakage circuit breaker - Wikipedia the free encyclopedia.mht,Esquemas Eletricos/Schindler/Schindler - Earth leakage circuit breaker - Wikipedia the free encyclopedia.mht,high_confidence,Schindler,moved
Esquemas Eletricos/Schindler/Schindler - Esquema de botoneira de emergência.dwg,Esquemas Eletricos/Schindler/Schindler - Esquema de botoneira de emergência.dwg,high_confidence,Schindler,moved
Esquemas Eletricos/Schindler/Schindler - Esquema.pdf,Esquemas Eletricos/Schindler/Schindler - Esquema.pdf,high_confidence,Schindler,moved
Esquemas Eletricos/Schindler/Schindler - J 139400 EN 01.pdf,Esquemas Eletricos/Schindler/Schindler - J 139400 EN 01.pdf,high_confidence,Schindler,moved
Esquemas Eletricos/Schindler/Schindler - J 139401 EN 01.pdf,Esquemas Eletricos/Schindler/Schindler - J 139401 EN 01.pdf,high_confidence,Schindler,moved
Esquemas Eletricos/Schindler/Schindler - J194275 - 1.tif,Esquemas Eletricos/Schindler/Schindler SMART MRL Schematics Selection Rules.tif,high_confidence,Schindler,moved
Esquemas Eletricos/Schindler/Schindler - J194275 - 2.tif,Esquemas Eletricos/Schindler/Schindler SMART MRL Schematics Selection Rules__dup1.tif,high_confidence,Schindler,moved
Esquemas Eletricos/Schindler/Schindler - LUET.pdf,Esquemas Eletricos/Schindler/Schindler - LUET.pdf,high_confidence,Schindler,moved
Esquemas Eletricos/Schindler/Schindler - MigrosLimmatplatz Wiring.pdf,Esquemas Eletricos/Schindler/Schindler - MigrosLimmatplatz Wiring.pdf,high_confidence,Schindler,moved
Esquemas Eletricos/Schindler/Schindler - SunriseTower wiring.pdf,Esquemas Eletricos/Schindler/Schindler - SunriseTower wiring.pdf,high_confidence,Schindler,moved
Esquemas Eletricos/Schindler/Schindler - Wiring.jpg,Esquemas Eletricos/Schindler/Schindler - Wiring.jpg,high_confidence,Schindler,moved
Esquemas Eletricos/Schindler/Schindler - cs 5054614 V00.pdf,Esquemas Eletricos/Schindler/Schindler - cs 5054614 V00.pdf,high_confidence,Schindler,moved
Esquemas Eletricos/Schindler/Schindler - pag 04.jpg,Esquemas Eletricos/Schindler/Safety Circuit Contacts and Limits.jpg,high_confidence,Schindler,moved
Esquemas Eletricos/TKE/TKE - Contactores SCM 2V - 2672 43.pdf,Esquemas Eletricos/TKE/TKE - Contactores SCM 2V - 2672 43.pdf,high_confidence,TKE,moved
Esquemas Eletricos/TKE/TKE - ESCALERA ESQUEMA PUENTE ALCOCER - THYSSEN ESCALERA.pdf,Esquemas Eletricos/TKE/TKE - ESCALERA ESQUEMA PUENTE ALCOCER - THYSSEN ESCALERA.pdf,high_confidence,TKE,moved
Esquemas Eletricos/TKE/TKE - ESQUEMA CENIA SÉRIE F HIDR A DIRECTO Fechos eléctricos.pdf,Esquemas Eletricos/TKE/TKE - ESQUEMA CENIA SÉRIE F HIDR A DIRECTO Fechos eléctricos.pdf,high_confidence,TKE,moved
Esquemas Eletricos/TKE/TKE - ESQUEMA K.pdf,Esquemas Eletricos/TKE/TKE - ESQUEMA K.pdf,high_confidence,TKE,moved
Esquemas Eletricos/TKE/TKE - IRC 34 38 1.pdf,Esquemas Eletricos/TKE/TKE - IRC 34 38 1.pdf,high_confidence,TKE,moved
Esquemas Eletricos/TKE/TKE - KEYSWITCHES.pdf,Esquemas Eletricos/TKE/TKE - KEYSWITCHES.pdf,high_confidence,TKE,moved
Esquemas Eletricos/TKE/TKE - NT042 - DE - Ascensores Hidráulicos unifamiliares Hidral com comandos com esquema ref PAV11.pdf,Esquemas Eletricos/TKE/TKE - NT042 - DE - Ascensores Hidráulicos unifamiliares Hidral com comandos com esquema ref PAV11.pdf,high_confidence,TKE,moved
Esquemas Eletricos/TKE/TKE - NT059 - DE - ManobraK Esquema módulo de portas.pdf,Esquemas Eletricos/TKE/TKE - NT059 - DE - ManobraK Esquema módulo de portas.pdf,high_confidence,TKE,moved
Esquemas Eletricos/TKE/TKE - NT060 - DE - Manobra K - Esquema ligaçoes modulo display LCD azul.pdf,Esquemas Eletricos/TKE/TKE - NT060 - DE - Manobra K - Esquema ligaçoes modulo display LCD azul.pdf,high_confidence,TKE,moved
Esquemas Eletricos/TKE/TKE - th - co - 002.pdf,Esquemas Eletricos/TKE/TKE - th - co - 002.pdf,high_confidence,TKE,moved
Esquemas Eletricos/TKE/TKE - th - co - 006.pdf,Esquemas Eletricos/TKE/TKE - th - co - 006.pdf,high_confidence,TKE,moved
Esquemas Eletricos/TKE/TKE - th - co.pdf,Esquemas Eletricos/TKE/TKE - th - co.pdf,high_confidence,TKE,moved
Esquemas Eletricos/TKE/TKE - th - pi.pdf,Esquemas Eletricos/TKE/TKE - th - pi.pdf,high_confidence,TKE,moved
Ficheiros de Engenharia/Otis/Otis - Diag LVA.pdf,Esquemas Eletricos/Otis/GeN2 LVA Controller Wiring Diagram.pdf,high_confidence,Otis,moved
Ficheiros de Engenharia/Otis/Otis - Planos Gen 2 Comfort 1.pdf,Esquemas Eletricos/Otis/Gen2 Comfort Controller Wiring Diagram.pdf,high_confidence,Otis,moved
Manuais/Orona/Orona - CHLH 20Manual pdf 20ELECTRA 20VITORIA.pdf,Ficheiros de Engenharia/Orona/CHLH Door Operator Wiring and Noise Protection Diagrams.pdf,review,Orona,moved
Manuais/Orona/Orona - EM3000 MANUAL INST V 4 - EM3000.pdf,Ficheiros de Engenharia/Orona/EM3000 Installation Manual V4.pdf,review,Orona,moved
Manuais/Orona/Orona - PHLH 20Manual pdf 20ELECTRA 20VITORIA.pdf,Esquemas Eletricos/Orona/PHLH Controller Electrical Diagram.pdf,high_confidence,Orona,moved
Manuais/Orona/Orona - cover dup6.jpg,Esquemas Eletricos/Orona/Universal Simple Control Panel Wiring Diagram.jpg,high_confidence,Orona,moved
Manuais/Schindler/Schindler - 10a v2.pdf,Ficheiros de Engenharia/Schindler/Schindler Smart MRL Electrical Parts Installation Manual.pdf,review,Schindler,moved
Manuais/TKE/TKE - Anexo C.pdf,Esquemas Eletricos/TKE/Training Appendix C Electrical Schematics.pdf,high_confidence,TKE,moved
Normas de Seguranca/Orona/ORONA MICRORELES ESQ - ORONA RELES.pdf,Esquemas Eletricos/Orona/Microrelay Control Wiring Diagram.pdf,high_confidence,Orona,moved
Normas de Seguranca/Orona/Orona - GB compact kd100.pdf,Ficheiros de Engenharia/Orona/Compact K - D 100 Goods Lift Controller.pdf,review,Orona,moved
Normas de Seguranca/Orona/Orona - Norma.jpg,Esquemas Eletricos/Orona/Arca Básico and M322 Electrical Schematics.jpg,high_confidence,Orona,moved
Normas de Seguranca/Orona/Orona - cover dup1.jpg,Esquemas Eletricos/Orona/Arca Básico Machine Room Schematics.jpg,high_confidence,Orona,moved
Normas de Seguranca/Orona/Orona - cover dup2.jpg,Esquemas Eletricos/Orona/Orona Arca Basic and M322 Electrical Schematics.jpg,high_confidence,Orona,moved
Normas de Seguranca/Orona/Orona - cover dup3.jpg,Esquemas Eletricos/Orona/Orona Arca Basic and M322 Installation Schematics.jpg,high_confidence,Orona,moved
Normas de Seguranca/Otis/Otis - img142.jpg,Ficheiros de Engenharia/Otis/Otis Control Symbols and Labels.jpg,review,Otis,moved
Normas de Seguranca/Schindler/Schindler - GFU Standard Vacon NXL j595061e.pdf,Ficheiros de Engenharia/Schindler/GFU Standard Vacon NXL Commissioning Guide.pdf,review,Schindler,moved
