confidence	score	brand	rel	path	positive	negative	snippet
high	28	Sem_Marca	EE312-06.pdf	/Users/edmundofrazao/Codex/autonomous_file_intelligence/runtime/organized_v7/01. Documentacao Tecnica/Sem_Marca/EE312-06.pdf	\bESQUEMA\s+EL[EÉ]CTRICO\b,\bESQUEMAS?\s+EL[EÉ]CTRICOS?\b,\bLEYENDA\b.*\bMOTOR\b,\bCONTACTOR(?:ES)?\b,\bREL[EÉ]\b		 LEYENDA KEY LEGENDE OPCIONES OPTIONS OPTIONS 1. ALIMEN. MOTOR Y ARRANQUE SUPPLY OF MOTOR AND STARTING MODE TENSION DU MOTEUR ET DEMARRAGE BOBINA CERRADURA ELECTRICA SERIE CONTACTOS DE PUERTA RELE DE FUNCIONA ELECTRIC LOCK COIL 
high	19	Sem_Marca	J194699_R41.pdf	/Users/edmundofrazao/Codex/autonomous_file_intelligence/runtime/organized_v7/01. Documentacao Tecnica/Sem_Marca/J194699_R41.pdf	\bSCHEMATICS\b,\bSAFETY CIRCUIT\b,\bDOOR DRIVE\b	\binstallation\b,\bservice\b	1. PROCEDURE OF CREATING COMMISSION SCHEMATICS .....................................................................................1 2. SCHEMATICS SELECTION TABLE..................................................................................................................................1 3. SAFETY CONTACTS ............................................................................................................................................................6 1. Procedur
high	15	Sem_Marca	Ha470588.pdf	/Users/edmundofrazao/Codex/autonomous_file_intelligence/runtime/organized_v7/01. Documentacao Tecnica/Sem_Marca/Ha470588.pdf	\bWIRING DIAGRAM\b,\bSheet\s+\d+[:.]\d+,\bCONTACTOR(?:ES)?\b		 '\QDPLF%UDNH&RQWDFWRU2SWLRQ Application The 590+ DRV frames 1 and 2 are equipped with an AC (line-side) contactor. For dynamic braking applications, you will need a braking resistor and this kit to connect the resistor across the motor terminals. Use the following table to specify the contactor kit and resistor appropriate for the power rating of your drive and motor. This combination, in accordance with Nema ICS 3-302.62, will provide 150% instantaneous braking 
high	15	Sem_Marca	PROTEÇÃO DOS DEDOS.PDF	/Users/edmundofrazao/Codex/autonomous_file_intelligence/runtime/organized_v7/01. Documentacao Tecnica/Sem_Marca/PROTEÇÃO DOS DEDOS.PDF	\bELECTRIC(?:AL)? DIAGRAM\b,\bESQUEMA\s+EL[EÉ]CTRICO\b,\bESQUEMAS?\s+EL[EÉ]CTRICOS?\b		PA TENT FINGER SAFETY DEVICE ED SISTEMA DI PROTEZIONE DELLE DITA SISTEMA DE PROTECCIÓN DE LOS DEDOS FINGERSCHUTZVORRICHTUNG “ANTI-TRAPPING” “ANTIPIZZICO” “APRISIONAMIENTO” “FINGERSCHUTZ” 1 OPEN 2 CLOSE DOORS PORTE
high	14	Sem_Marca	Express Nomenclature pocket book.pdf	/Users/edmundofrazao/Codex/autonomous_file_intelligence/runtime/organized_v7/01. Documentacao Tecnica/Sem_Marca/Express Nomenclature pocket book.pdf	\bDOOR DRIVE\b,\bCONTROL SYSTEM\b,\bCONTACTOR(?:ES)?\b		The Express Nomenclature Pocket Book INTRODUCTION The following list has been compiled to indicate relay and contactor nomenclature covering most applications. It is for guidance purposes only and does not necessarily restrict the application to the systems quoted. It may be necessary to vary the application to suit special requirements. If this is done, care should be taken to ensure that the general function of the part
high	13	Sem_Marca	Adaptacion 2vel a 3vf.pdf	/Users/edmundofrazao/Codex/autonomous_file_intelligence/runtime/organized_v7/01. Documentacao Tecnica/Sem_Marca/Adaptacion 2vel a 3vf.pdf	\bBORNE(?:S)?\b,\bCONTACTOR(?:ES)?\b,\bREL[EÉ]\b		PROCEDIMIENTO DE ADAPTACIÓN DE UN CUADRO DE CONTROL DE DOS VELOCIDADES A UN CUADRO DE CONTROL VF 1.- Procedimiento 1.1.- Desconectar el hilo positivo del freno de maniobra y conectarlo al cuadro de control VF (borne F+E). A continuación conectar el hilo de positivo del freno de l motor al cuadro de control VF (borne F+S). De este modo pasamos el control de freno por el nuevo cuadro. 1.2.- Desconectar los cables de potencia del motor, tanto del cuadro de maniob
high	11	Sem_Marca	Ha470595.pdf	/Users/edmundofrazao/Codex/autonomous_file_intelligence/runtime/organized_v7/01. Documentacao Tecnica/Sem_Marca/Ha470595.pdf	\bWIRING DIAGRAM\b,\bCONTACTOR(?:ES)?\b		 $UPDWXUH'&&RQWDFWRU2SWLRQ Application The 590+ DRV frames 1 and 2 are equipped with an AC (line-side) contactor that isolates the three-phase supply to the drive when the drive is stopped. The Armature DC Contactor Option may be used if physical isolation is required between the drive output and the motor armature. This contactor has two normally open power poles to break the armature connections and a normally closed power pole that can be used as a dynamic braking c
high	10	Sem_Marca	2V-k2 EDICION 01 modificado 01.pdf	/Users/edmundofrazao/Codex/autonomous_file_intelligence/runtime/organized_v7/01. Documentacao Tecnica/Sem_Marca/2V-k2 EDICION 01 modificado 01.pdf	\bCONTACTOR(?:ES)?\b,\bK[0-9]{1,2}\b.{0,60}\bCONTACT	\binstrucciones?\b	INSTRUCCIONES GENERALES DE INSTALACION DE: PUBLICACIÓN K220-001 Edición 01/2005 CUADROS DE MANIOBRA ELECTRONICOS-K2 Simplex/duplex/triplex/quadruplex para ascensores 32 NIVELES. Ref. EDEL-K2-1/25 1 velocidad 10cv, contactores 25 A. Ref. EDEL-K2-1/38 1 velocidad 20cv, con
high	10	Sem_Marca	auto-tuning.pdf	/Users/edmundofrazao/Codex/autonomous_file_intelligence/runtime/organized_v7/01. Documentacao Tecnica/Sem_Marca/auto-tuning.pdf	\bCONTACTOR(?:ES)?\b,\bREL[EÉ]\b,\bX[0-9]{1,2}\b.{0,80}\bX[0-9]{1,2}\b		FUNCIONAMIENTO CONTROL VECTORIAL AUTO-TUNING PRG Para pasar de la pantalla actual a los menús FUNC/DATA Utilizada como tecla de ENTER Para cambiar los valores de los parámetros SHIFT Para desplazamientos de izquierda a derecha 
high	10	Sem_Marca	Eléctrico k2 64200-001 06-2006.pdf	/Users/edmundofrazao/Codex/autonomous_file_intelligence/runtime/organized_v7/01. Documentacao Tecnica/Sem_Marca/Eléctrico k2 64200-001 06-2006.pdf	\bCONTACTOR(?:ES)?\b,\bK[0-9]{1,2}\b.{0,60}\bCONTACT	\binstrucciones?\b	 INSTRUCCIONES GENERALES DE INSTALACION DE: PUBLICACIÓN K2 64200-001 CUADROS DE MANIOBRA ELECTRÓNICOS K2 Edición 06/2006 
high	10	Sem_Marca	JSA07702E-AA_PCS-200B Control System instruction_VVVF_.pdf	/Users/edmundofrazao/Codex/autonomous_file_intelligence/runtime/organized_v7/01. Documentacao Tecnica/Sem_Marca/JSA07702E-AA_PCS-200B Control System instruction_VVVF_.pdf	\bSAFETY CIRCUIT\b,\bCONTROL SYSTEM\b	\bcommissioning\b,\bcatalog(?:ue)?\b	JSA07702E-AA PCS-200B Instruction of 1/ 18 Control System（Start:VVVF） Escalator and Passenger Conveyor Instruction of PCS-200B Control System (Start: VVVF) JSA07702E-AA PCS-200B Instruction of 2/ 18 Control System（Start:VVVF） Catalog 1．Scope of PCS-200B System.............................
high	9	Kone	450_10_80_40e.pdf	/Users/edmundofrazao/Codex/autonomous_file_intelligence/runtime/organized_v7/01. Documentacao Tecnica/Sem_Marca/450_10_80_40e.pdf	\bSAFETY CIRCUIT\b,\bCONTROL SYSTEM\b	\binstallation\b,\bcatalog(?:ue)?\b	Modernisation Kit: All types of mechanical controlled valves 2.5.1E to electronically controlled Beringer-Ventil LRV-1 S 1/12 General description • The conversion kit enables these lift valves to be converted from mechanical to electronic controlled valve • No modification of the existing lift control system is required • Inter
high	9	Sem_Marca	2V-1 EDICION 02.pdf	/Users/edmundofrazao/Codex/autonomous_file_intelligence/runtime/organized_v7/01. Documentacao Tecnica/Sem_Marca/2V-1 EDICION 02.pdf	\bCONTACTOR(?:ES)?\b,\bREL[EÉ]\b		HOJA TÉCNICA DE LOS PRODUCTOS: Cuadros de maniobra electrónicos PUBLICACIÓN 5420-001 simplex/duplex para ascensores Edición 2 Ref. EDEL-5421B 1 velocidad 10cv, contactor principal 25A. Ref. EDEL-54214A 1 velocidad 20
high	9	Sem_Marca	COMPACT DIAGRAM 2.pdf	/Users/edmundofrazao/Codex/autonomous_file_intelligence/runtime/organized_v7/01. Documentacao Tecnica/Sem_Marca/COMPACT DIAGRAM 2.pdf	\bX[0-9]{1,2}\b.{0,80}\bX[0-9]{1,2}\b		 DIBUJADO M.A. Calvo 16-09-03 L
high	8	Bucher	L_BE1-6_300-P-9010048-E-00.pdf	/Users/edmundofrazao/Codex/autonomous_file_intelligence/runtime/organized_v7/01. Documentacao Tecnica/Sem_Marca/L_BE1-6_300-P-9010048-E-00.pdf	\bSAFETY CIRCUIT\b,\bCONTROL SYSTEM\b,\bCONTACTOR(?:ES)?\b,\bK[0-9]{1,2}\b.{0,60}\bCONTACT	\binstallation\b,\bservice\b,\bcommissioning\b	Electronic Softstarter BE1 / BE3 / BE4 / BE5 / BE6 1. Technical Data 1.1 General description S The starting current of oil−submer− sed motors with direct switching is approx. 3.5 x nominal current S The permissible starting current is based on the short−cir cuit resi− stance of the network and the start− up frequency of the motor S High start−up currents cause a lowe− ring of the voltage at the switching point S As a result, electrical connections with a larger cross−sect
high	8	Schindler	DO_DSF_9_Flyer_Rev_5_E.pdf	/Users/edmundofrazao/Codex/autonomous_file_intelligence/runtime/organized_v7/01. Documentacao Tecnica/Sem_Marca/DO_DSF_9_Flyer_Rev_5_E.pdf	\bDOOR DRIVE\b,\bCONTROL SYSTEM\b		Car Entrance DO DSF 9. The top quality car entrance for high performance modernisation requirements. When a speedy and smooth operation combined with high reliability is required the DO DSF 9 is exactly the right car entrance. The modernization door drive DO DSF 9 is available as either a complete car entrance or as modernization set. General Characteristics: Performance: – Short door opening/closing time. – Low-noise operation. – Braking stopping distance <25 mm. Features: 
review	7	Sem_Marca	CORREDIÇA.PDF	/Users/edmundofrazao/Codex/autonomous_file_intelligence/runtime/organized_v7/01. Documentacao Tecnica/Sem_Marca/CORREDIÇA.PDF	\bELECTRIC(?:AL)? DIAGRAM\b,\bBORNE(?:S)?\b		 HEATED SILL APPLICATION APPLICAZIONE SOGLIA RISCALDATA ANBRINGUNG VON BEHEIZTER SCHWELLE APPLICATION SEUIL CHAUFFÉ STAINLESS STEEL SILL IRON SILL SOGLIA IN ACCIAIO INOX 
review	6	Bucher	450_20_21_01e.pdf	/Users/edmundofrazao/Codex/autonomous_file_intelligence/runtime/organized_v7/01. Documentacao Tecnica/Sem_Marca/450_20_21_01e.pdf	\bCONTROL SYSTEM\b		BUCHER HYDRAULICS Beringer Hydraulik AG Industriestrasse 15 CH - 6345 Neuheim System Overview 1.5.0E Orion α P1 1 Introduction 1.1 General Frequency-controlled hydraulic drive with a hydraulic counterweight system is distinguished from conventional hydraulic drive inasmuch as the motor, and thus also the 
review	6	GMV	7.GV_3010P81_10.pdf	/Users/edmundofrazao/Codex/autonomous_file_intelligence/runtime/organized_v7/01. Documentacao Tecnica/Sem_Marca/7.GV_3010P81_10.pdf	\bELECTROV[AÁ]LVULA\b		 GRUPO DE VÁLVULAS 3010-EN CON P81 Tornillo 5 Tornillo 8 GRUPO GMV 
review	6	Otis	PACKGVF3to7C.pdf	/Users/edmundofrazao/Codex/autonomous_file_intelligence/runtime/organized_v7/01. Documentacao Tecnica/Sem_Marca/PACKGVF3to7C.pdf	\bCONTACTOR(?:ES)?\b		Parts Leaflet APRIL 2005 Page : 1/5 CONTROLLER PACK 220 GVF MLI 3 to 7 COEUR * 10 PACK GVF 3 to 7 C. OTIS *10 - PACK GVF 3 to7 C. CONTROLLER PACK 220 GVF - MLI 3 to 7 COEUR APRIL 2005 Page : 2/5 1 PACK GVF 3 to 7 CŒUR PAR
review	6	Otis	PACKGVF7to9R.pdf	/Users/edmundofrazao/Codex/autonomous_file_intelligence/runtime/organized_v7/01. Documentacao Tecnica/Sem_Marca/PACKGVF7to9R.pdf	\bCONTACTOR(?:ES)?\b		Parts Leaflet APRIL 2005 Page : 1/6 CONTROLLER PACK 220 GVF MLI 7 to 9 Radiateur * 10 PACK GVF 7 to 9 R. OTIS *10 - PACK GVF 7 to 9 R. CONTROLLER PACK 220 GVF MLI 7 to 9 RADIATEUR APRIL 2005 Page : 2/6 1 PACK GVF 7 to 9 R. PART or M.L. REF, N° 
review	6	Schindler	58S.pdf	/Users/edmundofrazao/Codex/autonomous_file_intelligence/runtime/organized_v7/01. Documentacao Tecnica/Sem_Marca/58S.pdf	\bDOOR DRIVE\b		 Diese Darstellung ist unser geistiges Eigentum. Sie darf ohne unsere Cet ouvrage est notre propriété intellectuelle. Sans notre autorisation This design and information is our intellectual property. It must with- schriftliche Zustimmung weder irgendwie kopiert noch zur Anfer- écrite, il ne peut être ni copié d'une manière quelconque, ni être out our written consent neither be copied in any way nor used tigung des Werkes gebraucht oder Drittpersonen bekannt
review	6	Schindler	IDD replacement V30.pdf	/Users/edmundofrazao/Codex/autonomous_file_intelligence/runtime/organized_v7/01. Documentacao Tecnica/Sem_Marca/IDD replacement V30.pdf	\bDOOR DRIVE\b		 IDD Introduction for V30AP Door Drive w/ Motor + Electronic Box 1. General - Traditional motor plus electrical box design for V30AP door drive is phase out and replaced by IDD - This instruction is only used for field replacement and retrofit in the future on existing V30AP door drive w/ motor plus electrical box design Fig. 1 1.1 Main Feature: a) Movable mass: 
review	6	Schindler	K604016E_06.pdf	/Users/edmundofrazao/Codex/autonomous_file_intelligence/runtime/organized_v7/01. Documentacao Tecnica/Sem_Marca/K604016E_06.pdf	\bSCHEMATICS\b,\bSCHEMATIC\b,\bCIRCUIT DIAGRAM\b,\bSAFETY CIRCUIT\b	\bmanual\b,\binstallation\b,\bservice\b,\bcommissioning\b	 Miconic TX-GC/10-GC INVENTIO AG Commissioning K 604016 E / 06 1-11.220 COMMISSIONING Authorization: Authored Reviewed Released Lead Office: PD
review	6	Sem_Marca	Bonfiglioli GVX2000.pdf	/Users/edmundofrazao/Codex/autonomous_file_intelligence/runtime/organized_v7/01. Documentacao Tecnica/Sem_Marca/Bonfiglioli GVX2000.pdf	\bCONTROL SYSTEM\b		 I N V E RT E R GVX2000 INNOVATION IN THE WAKE OF TRADITION BAUART TYPE GEPRÜFT APPROVED TÜV Rheinland Product Safety ® C ® N RI O ET GVX2000 0.55-500 kW WO OM P 
review	6	Sem_Marca	D__BYDIVI~1_LOC_ARS_42_151~1[1].pdf	/Users/edmundofrazao/Codex/autonomous_file_intelligence/runtime/organized_v7/01. Documentacao Tecnica/Sem_Marca/D__BYDIVI~1_LOC_ARS_42_151~1[1].pdf	\bWIRING DIAGRAM\b,\bSAFETY CIRCUIT\b,\bDOOR DRIVE\b	\binstallation\b,\bdatasheet\b	 1 GENERAL INFORMATION ..............................................................................................................................................6 1.1 INTRODUCTION................................................................................................................................................................6 
review	6	Sem_Marca	PMARCHA_3VFMAC6PDSPS_ES_GEN.pdf	/Users/edmundofrazao/Codex/autonomous_file_intelligence/runtime/organized_v7/01. Documentacao Tecnica/Sem_Marca/PMARCHA_3VFMAC6PDSPS_ES_GEN.pdf	\bCONTACTOR(?:ES)?\b,\bREL[EÉ]\b		PUESTA EN MARCHA - VARIADOR 3VFMAC 6P DSP S PARA MÁQUINA GEARLESS Si el cuadro tiene sistema de rescate automático A.3. Freno Dos opciones : 5.a A REVISIÓN DE CONEXIONES 
review	6	Wittur	70S.pdf	/Users/edmundofrazao/Codex/autonomous_file_intelligence/runtime/organized_v7/01. Documentacao Tecnica/Sem_Marca/70S.pdf	\bDOOR DRIVE\b		 Diese Darstellung ist unser geistiges Eigentum. Sie darf ohne unsere Cet ouvrage est notre propriété intellectuelle. Sans notre autorisation This design and information is our intellectual property. It must with- schriftliche Zustimmung weder irgendwie kopiert noch zur Anfer- écrite, il ne peut être ni copié d'une manière quelconque, ni être out our written consent neither be copied in any way nor used tigung des Werkes gebraucht oder Drittpersonen bekanntgege
review	5	MacPuarsa	Nivelador 538 MAC.pdf	/Users/edmundofrazao/Codex/autonomous_file_intelligence/runtime/organized_v7/01. Documentacao Tecnica/Sem_Marca/Nivelador 538 MAC.pdf	\bBORNE(?:S)?\b,\bKM[0-9A-Z]?\b		Nivelador 538 INDICE GENERAL CAPiTULO. 1 • REQUISITOS PARA SU INSTALACION ... 4 1.1 Especificaciones .. ,. ............. . . ......... 4 CAPiTULO. 2 • PRESENTACION 
review	5	MacPuarsa	PMARCHA_3VFMAC6PDSPS_ES_MP1.pdf	/Users/edmundofrazao/Codex/autonomous_file_intelligence/runtime/organized_v7/01. Documentacao Tecnica/Sem_Marca/PMARCHA_3VFMAC6PDSPS_ES_MP1.pdf	\bCONTACTOR(?:ES)?\b,\bREL[EÉ]\b		PUESTA EN MARCHA - VARIADOR 3VFMAC 6P DSP S PARA MÁQUINA MP MaGO 100/125 Si el cuadro tiene sistema de rescate POR A.3. Freno 5.a A REVISIÓN DE CONEXIONES DESCOMPENSACIÓN : 
review	5	MacPuarsa	PMARCHA_3VFMAC6PDSPS_ES_MP2.pdf	/Users/edmundofrazao/Codex/autonomous_file_intelligence/runtime/organized_v7/01. Documentacao Tecnica/Sem_Marca/PMARCHA_3VFMAC6PDSPS_ES_MP2.pdf	\bCONTACTOR(?:ES)?\b,\bREL[EÉ]\b		PUESTA EN MARCHA - VARIADOR 3VFMAC 6P DSP S PARA MÁQUINA MP MaGO 175/200 Si el cuadro tiene sistema de rescate POR A.3. Freno 5.a A REVISIÓN DE CONEXIONES DESCOMPENSACIÓN : 
review	5	Sem_Marca	02EQ-EN.pdf	/Users/edmundofrazao/Codex/autonomous_file_intelligence/runtime/organized_v7/01. Documentacao Tecnica/Sem_Marca/02EQ-EN.pdf	\bWIRING DIAGRAM\b,\bCIRCUIT DIAGRAM\b,\bCONTROL SYSTEM\b	\bmanual\b,\binstallation\b,\bquick start\b	Preface Thank you for choosing DELTA’s high-performance VFD-E Series. The VFD-E Series is manufactured with high-quality components and materials and incorporate the latest microprocessor technology available. Getting Started This quick start will be helpful in the installation and parameter setting of the AC motor drives. To guarantee safe operation of the equipment, read the following safety guidelines before connecting power to the AC motor drives. For detail information, 
review	5	Sem_Marca	450_10_80_06e.pdf	/Users/edmundofrazao/Codex/autonomous_file_intelligence/runtime/organized_v7/01. Documentacao Tecnica/Sem_Marca/450_10_80_06e.pdf	\bCIRCUIT DIAGRAM\b		Connecting cable DP for LRV-1 (A) 2.3.6E P 1/1 1. General description: 2. Part numbers: The connection cable connects the pressure switch cable 6 m: 0009013 DP with the elevator controller. 
review	5	Sem_Marca	FU-CO-001.PDF	/Users/edmundofrazao/Codex/autonomous_file_intelligence/runtime/organized_v7/01. Documentacao Tecnica/Sem_Marca/FU-CO-001.PDF	\bSCHEMATIC\b	\bguide\b	<< Back @ TECHNICAL BULLETIN Bulletin Number FU-CO-001 P.L.C. CONTROL PANELS TELEMECHANIQUE TSX 17 MICRO PLC This is a brief guide to the basic understanding and fault finding using the on board L.E.D’s which are fitted to all these PLC units. Each panel will contain a main un
review	5	Sem_Marca	Lift Control ekm64.pdf	/Users/edmundofrazao/Codex/autonomous_file_intelligence/runtime/organized_v7/01. Documentacao Tecnica/Sem_Marca/Lift Control ekm64.pdf	\bBORNE(?:S)?\b,\bREL[EÉ]\b		 Sistema de maniobras para ascensores EKM 64 Versión .003 / 11.08.06 Descripción Parte 1ª DESCRIPCIÓN NO SUJETA A REVISIÓN LIFT CONTROL,S.A. Tel. 93 331 33 44 Fax. 93 432 33 71 liftcontrol@liftcontrol.com htpp://www.liftcontrol.com Versión 03 / 11.08.06 Descripción (parte 1ª ) 
review	4	Schindler	56S.pdf	/Users/edmundofrazao/Codex/autonomous_file_intelligence/runtime/organized_v7/01. Documentacao Tecnica/Sem_Marca/56S.pdf	\bDOOR DRIVE\b		 Diese Darstellung ist unser geistiges Eigentum. Sie darf ohne unsere Cet ouvrage est notre propriété intellectuelle. Sans notre autorisation This design and information is our intellectual property. It must with- schriftliche Zustimmung weder irgendwie kopiert noch zur Anfer- écrite, il ne peut être ni copié d'une manière quelconque, ni être out our written consent neither be copied in any way nor used tigung des Werkes gebr
review	4	Schindler	66S.pdf	/Users/edmundofrazao/Codex/autonomous_file_intelligence/runtime/organized_v7/01. Documentacao Tecnica/Sem_Marca/66S.pdf	\bDOOR DRIVE\b		 Diese Darstellung ist unser geistiges Eigentum. Sie darf ohne unsere Cet ouvrage est notre propriété intellectuelle. Sans notre autorisation This design and information is our intellectual property. It must with- schriftliche Zustimmung weder irgendwie kopiert noch zur Anfer- écrite, il ne peut être ni copié d'une manière quelconque, ni être out our written consent neither be copied in any way nor used tigung des Werkes gebraucht oder Drittpersonen bekanntgege
review	4	Schindler	K 602737 Interface IVXVF.pdf	/Users/edmundofrazao/Codex/autonomous_file_intelligence/runtime/organized_v7/01. Documentacao Tecnica/Sem_Marca/K 602737 Interface IVXVF.pdf	\bSAFETY CIRCUIT\b,\bDOOR DRIVE\b,\bCONTACTOR(?:ES)?\b	\binstallation\b,\bcatalog(?:ue)?\b	 INVENTIO AG Technical Catalog CH–6052 Hergiswil Group: 1–11.100 Interface IVXVF 
review	4	Sem_Marca	CG-CO-001.pdf	/Users/edmundofrazao/Codex/autonomous_file_intelligence/runtime/organized_v7/01. Documentacao Tecnica/Sem_Marca/CG-CO-001.pdf	\bCONTROL SYSTEM\b		<< Back @ TECHNICAL BULLETIN Bulletin Number CG-CO-001 C.G.2.A. HYDRAULIC LIFT WITH TURBO 3000 CONTROL SYSTEM FAULT Lift reported to travel on high speed and during deceleration the lift will stop and will not start again. CAUSE Th
review	4	Sem_Marca	Control System Document 7000-serien 400V eng 0911.pdf	/Users/edmundofrazao/Codex/autonomous_file_intelligence/runtime/organized_v7/01. Documentacao Tecnica/Sem_Marca/Control System Document 7000-serien 400V eng 0911.pdf	\bCONTROL SYSTEM\b		 Control System 7000-series 20091106 © ARITCO 14 54 54 
review	4	Sem_Marca	GT-DO-001.PDF	/Users/edmundofrazao/Codex/autonomous_file_intelligence/runtime/organized_v7/01. Documentacao Tecnica/Sem_Marca/GT-DO-001.PDF	\bCONTACTOR(?:ES)?\b		<< Back @ TECHNICAL BULLETIN Bulletin Number GT-DO-001 DEWHURST FL24 - DOOR OPERATOR Fault Noisy door operator caused by electric noise or vibration [hum]. Reduction of Humming Noise 1. For electric vibration noise. Add smoothing components as Dewhurst Instructions II015, Page 7. If necessar, adjust RDB to 
review	4	TKE	manobra cmc 3.pdf	/Users/edmundofrazao/Codex/autonomous_file_intelligence/runtime/organized_v7/01. Documentacao Tecnica/Sem_Marca/manobra cmc 3.pdf	\bCONTACTOR(?:ES)?\b		 2 3 COLOCAR LOS PLANaS DE LA CARPET A SEGUN EL ORDEN ESPECIFICADO EN ESTE j,\: MANIOBRA CMC-3 , TRACCION 1V-2 POs. PLANO Ng DESCRlPCttJN POs. PLANO Ng 
